bug,dark,dragon,electric,fairy,fighting,fire,flying,ghost,grass,ground,ice,normal,poison,psychic,rock,steel,water,Grupo,Pokemon,Tipo
0.0,0.0,0.0,0.0,0.0,0.0,0.0,0.0,0.0,0.6116352940915506,0.0,0.7911398530105423,0.0,0.0,0.0,0.0,0.0,0.0,16,Abomasnow,Grass/Ice
0.0,0.0,0.0,0.0,0.0,0.0,0.0,0.0,0.0,0.0,0.0,0.0,0.0,0.0,1.0,0.0,0.0,0.0,4,Abra,Psychic
0.0,1.0,0.0,0.0,0.0,0.0,0.0,0.0,0.0,0.0,0.0,0.0,0.0,0.0,0.0,0.0,0.0,0.0,10,Absol,Dark
1.0,0.0,0.0,0.0,0.0,0.0,0.0,0.0,0.0,0.0,0.0,0.0,0.0,0.0,0.0,0.0,0.0,0.0,18,Accelgor,Bug
0.0,0.0,0.0,0.0,0.0,0.0,0.0,0.0,0.7071067811865475,0.0,0.0,0.0,0.0,0.0,0.0,0.0,0.7071067811865475,0.0,14,Aegislash,Ghost/Steel
0.0,0.0,0.0,0.0,0.0,0.0,0.0,0.6509749515943476,0.0,0.0,0.0,0.0,0.0,0.0,0.0,0.7590992111685645,0.0,0.0,1,Aerodactyl,Flying/Rock
0.0,0.0,0.0,0.0,0.0,0.0,0.0,0.0,0.0,0.0,0.0,0.0,0.0,0.0,0.0,0.6820624016078831,0.7312939766693604,0.0,15,Aggron,Rock/Steel
0.0,0.0,0.0,0.0,0.0,0.0,0.0,0.0,0.0,0.0,0.0,0.0,1.0,0.0,0.0,0.0,0.0,0.0,13,Aipom,Normal
0.0,0.0,0.0,0.0,0.0,0.0,0.0,0.0,0.0,0.0,0.0,0.0,0.0,0.0,1.0,0.0,0.0,0.0,4,Alakazam,Psychic
0.0,0.0,0.0,0.0,0.0,0.0,0.0,0.0,0.0,0.0,0.0,0.0,0.0,0.0,0.0,0.0,0.0,1.0,7,Alomomola,Water
0.0,0.0,0.7864360606072077,0.0,0.0,0.0,0.0,0.6176716948157948,0.0,0.0,0.0,0.0,0.0,0.0,0.0,0.0,0.0,0.0,12,Altaria,Dragon/Flying
0.0,0.0,0.0,0.0,0.0,0.0,0.0,0.0,0.0,0.0,0.0,0.7438764630175985,0.0,0.0,0.0,0.6683171460978893,0.0,0.0,16,Amaura,Ice/Rock
0.0,0.0,0.0,0.0,0.0,0.0,0.0,0.0,0.0,0.0,0.0,0.0,1.0,0.0,0.0,0.0,0.0,0.0,13,Ambipom,Normal
0.0,0.0,0.0,0.0,0.0,0.0,0.0,0.0,0.0,0.6593984843694064,0.0,0.0,0.0,0.7517936145055567,0.0,0.0,0.0,0.0,17,Amoonguss,Grass/Poison
0.0,0.0,0.0,1.0,0.0,0.0,0.0,0.0,0.0,0.0,0.0,0.0,0.0,0.0,0.0,0.0,0.0,0.0,9,Ampharos,Electric
0.6859578881145799,0.0,0.0,0.0,0.0,0.0,0.0,0.0,0.0,0.0,0.0,0.0,0.0,0.0,0.0,0.7276412410888937,0.0,0.0,18,Anorith,Bug/Rock
0.0,0.0,0.0,0.0,0.0,0.0,0.0,0.0,0.0,0.0,0.0,0.0,0.0,1.0,0.0,0.0,0.0,0.0,17,Arbok,Poison
0.0,0.0,0.0,0.0,0.0,0.0,1.0,0.0,0.0,0.0,0.0,0.0,0.0,0.0,0.0,0.0,0.0,0.0,6,Arcanine,Fire
0.0,0.0,0.0,0.0,0.0,0.0,0.0,0.0,0.0,0.0,0.0,0.0,1.0,0.0,0.0,0.0,0.0,0.0,13,Arceus,Normal
1.0,0.0,0.0,0.0,0.0,0.0,0.0,0.0,0.0,0.0,0.0,0.0,0.0,0.0,0.0,0.0,0.0,0.0,18,Arceus-Bug,Bug
0.0,1.0,0.0,0.0,0.0,0.0,0.0,0.0,0.0,0.0,0.0,0.0,0.0,0.0,0.0,0.0,0.0,0.0,10,Arceus-Dark,Dark
0.0,0.0,1.0,0.0,0.0,0.0,0.0,0.0,0.0,0.0,0.0,0.0,0.0,0.0,0.0,0.0,0.0,0.0,12,Arceus-Dragon,Dragon
0.0,0.0,0.0,1.0,0.0,0.0,0.0,0.0,0.0,0.0,0.0,0.0,0.0,0.0,0.0,0.0,0.0,0.0,9,Arceus-Electric,Electric
0.0,0.0,0.0,0.0,1.0,0.0,0.0,0.0,0.0,0.0,0.0,0.0,0.0,0.0,0.0,0.0,0.0,0.0,11,Arceus-Fairy,Fairy
0.0,0.0,0.0,0.0,0.0,1.0,0.0,0.0,0.0,0.0,0.0,0.0,0.0,0.0,0.0,0.0,0.0,0.0,8,Arceus-Fighting,Fighting
0.0,0.0,0.0,0.0,0.0,0.0,1.0,0.0,0.0,0.0,0.0,0.0,0.0,0.0,0.0,0.0,0.0,0.0,6,Arceus-Fire,Fire
0.0,0.0,0.0,0.0,0.0,0.0,0.0,1.0,0.0,0.0,0.0,0.0,0.0,0.0,0.0,0.0,0.0,0.0,2,Arceus-Flying,Flying
0.0,0.0,0.0,0.0,0.0,0.0,0.0,0.0,1.0,0.0,0.0,0.0,0.0,0.0,0.0,0.0,0.0,0.0,14,Arceus-Ghost,Ghost
0.0,0.0,0.0,0.0,0.0,0.0,0.0,0.0,0.0,1.0,0.0,0.0,0.0,0.0,0.0,0.0,0.0,0.0,3,Arceus-Grass,Grass
0.0,0.0,0.0,0.0,0.0,0.0,0.0,0.0,0.0,0.0,1.0,0.0,0.0,0.0,0.0,0.0,0.0,0.0,0,Arceus-Ground,Ground
0.0,0.0,0.0,0.0,0.0,0.0,0.0,0.0,0.0,0.0,0.0,1.0,0.0,0.0,0.0,0.0,0.0,0.0,16,Arceus-Ice,Ice
0.0,0.0,0.0,0.0,0.0,0.0,0.0,0.0,0.0,0.0,0.0,0.0,0.0,1.0,0.0,0.0,0.0,0.0,17,Arceus-Poison,Poison
0.0,0.0,0.0,0.0,0.0,0.0,0.0,0.0,0.0,0.0,0.0,0.0,0.0,0.0,1.0,0.0,0.0,0.0,4,Arceus-Psychic,Psychic
0.0,0.0,0.0,0.0,0.0,0.0,0.0,0.0,0.0,0.0,0.0,0.0,0.0,0.0,0.0,1.0,0.0,0.0,1,Arceus-Rock,Rock
0.0,0.0,0.0,0.0,0.0,0.0,0.0,0.0,0.0,0.0,0.0,0.0,0.0,0.0,0.0,0.0,1.0,0.0,15,Arceus-Steel,Steel
0.0,0.0,0.0,0.0,0.0,0.0,0.0,0.0,0.0,0.0,0.0,0.0,0.0,0.0,0.0,0.0,0.0,1.0,7,Arceus-Water,Water
0.0,0.0,0.0,0.0,0.0,0.0,0.0,0.6509749515943476,0.0,0.0,0.0,0.0,0.0,0.0,0.0,0.7590992111685645,0.0,0.0,1,Archen,Flying/Rock
0.0,0.0,0.0,0.0,0.0,0.0,0.0,0.6509749515943476,0.0,0.0,0.0,0.0,0.0,0.0,0.0,0.7590992111685645,0.0,0.0,1,Archeops,Flying/Rock
0.6928643074195012,0.0,0.0,0.0,0.0,0.0,0.0,0.0,0.0,0.0,0.0,0.0,0.0,0.7210679936761131,0.0,0.0,0.0,0.0,5,Ariados,Bug/Poison
0.6859578881145799,0.0,0.0,0.0,0.0,0.0,0.0,0.0,0.0,0.0,0.0,0.0,0.0,0.0,0.0,0.7276412410888937,0.0,0.0,18,Armaldo,Bug/Rock
0.0,0.0,0.0,0.0,1.0,0.0,0.0,0.0,0.0,0.0,0.0,0.0,0.0,0.0,0.0,0.0,0.0,0.0,11,Aromatisse,Fairy
0.0,0.0,0.0,0.0,0.0,0.0,0.0,0.0,0.0,0.0,0.0,0.0,0.0,0.0,0.0,0.6820624016078831,0.7312939766693604,0.0,15,Aron,Rock/Steel
0.0,0.0,0.0,0.0,0.0,0.0,0.0,0.610320064924801,0.0,0.0,0.0,0.7921549206753605,0.0,0.0,0.0,0.0,0.0,0.0,16,Articuno,Flying/Ice
0.0,0.0,0.0,0.0,0.0,0.0,0.0,0.0,0.0,0.0,0.0,0.0,1.0,0.0,0.0,0.0,0.0,0.0,13,Audino,Normal
0.0,0.0,0.0,0.0,0.0,0.0,0.0,0.0,0.0,0.0,0.0,0.7438764630175985,0.0,0.0,0.0,0.6683171460978893,0.0,0.0,16,Aurorus,Ice/Rock
0.0,0.0,0.0,0.0,0.0,0.0,0.0,0.0,0.0,0.0,0.0,1.0,0.0,0.0,0.0,0.0,0.0,0.0,16,Avalugg,Ice
0.0,0.0,1.0,0.0,0.0,0.0,0.0,0.0,0.0,0.0,0.0,0.0,0.0,0.0,0.0,0.0,0.0,0.0,12,Axew,Dragon
0.0,0.0,0.0,0.0,0.0,0.0,0.0,0.0,0.0,0.0,0.0,0.0,0.0,0.0,1.0,0.0,0.0,0.0,4,Azelf,Psychic
0.0,0.0,0.0,0.0,0.8190909697197392,0.0,0.0,0.0,0.0,0.0,0.0,0.0,0.0,0.0,0.0,0.0,0.0,0.5736636499932494,11,Azumarill,Fairy/Water
0.0,0.0,0.0,0.0,0.7990498155623471,0.0,0.0,0.0,0.0,0.0,0.0,0.0,0.6012648270519232,0.0,0.0,0.0,0.0,0.0,11,Azurill,Fairy/Normal
0.0,0.0,1.0,0.0,0.0,0.0,0.0,0.0,0.0,0.0,0.0,0.0,0.0,0.0,0.0,0.0,0.0,0.0,12,Bagon,Dragon
0.0,0.0,0.0,0.0,0.0,0.0,0.0,0.0,0.0,0.0,0.7317329950879612,0.0,0.0,0.0,0.6815913907170498,0.0,0.0,0.0,0,Baltoy,Ground/Psychic
0.0,0.0,0.0,0.0,0.0,0.0,0.0,0.0,1.0,0.0,0.0,0.0,0.0,0.0,0.0,0.0,0.0,0.0,14,Banette,Ghost
0.0,0.0,0.0,0.0,0.0,0.0,0.0,0.0,0.0,0.0,0.0,0.0,0.0,0.0,0.0,0.7846407605505287,0.0,0.6199507052037991,1,Barbaracle,Rock/Water
0.0,0.0,0.0,0.0,0.0,0.0,0.0,0.0,0.0,0.0,0.776003739018597,0.0,0.0,0.0,0.0,0.0,0.0,0.6307283068240694,0,Barboach,Ground/Water
0.0,0.0,0.0,0.0,0.0,0.0,0.0,0.0,0.0,0.0,0.0,0.0,0.0,0.0,0.0,0.0,0.0,1.0,7,Basculin,Water
0.0,0.0,0.0,0.0,0.0,0.0,0.0,0.0,0.0,0.0,0.0,0.0,0.0,0.0,0.0,0.6820624016078831,0.7312939766693604,0.0,15,Bastiodon,Rock/Steel
0.0,0.0,0.0,0.0,0.0,0.0,0.0,0.0,0.0,1.0,0.0,0.0,0.0,0.0,0.0,0.0,0.0,0.0,3,Bayleef,Grass
0.0,0.0,0.0,0.0,0.0,0.0,0.0,0.0,0.0,0.0,0.0,1.0,0.0,0.0,0.0,0.0,0.0,0.0,16,Beartic,Ice
0.7397254967239467,0.0,0.0,0.0,0.0,0.0,0.0,0.6729087527269284,0.0,0.0,0.0,0.0,0.0,0.0,0.0,0.0,0.0,0.0,18,Beautifly,Bug/Flying
0.6928643074195012,0.0,0.0,0.0,0.0,0.0,0.0,0.0,0.0,0.0,0.0,0.0,0.0,0.7210679936761131,0.0,0.0,0.0,0.0,5,Beedrill,Bug/Poison
0.0,0.0,0.0,0.0,0.0,0.0,0.0,0.0,0.0,0.0,0.0,0.0,0.0,0.0,1.0,0.0,0.0,0.0,4,Beheeyem,Psychic
0.0,0.0,0.0,0.0,0.0,0.0,0.0,0.0,0.0,0.0,0.0,0.0,0.0,0.0,0.6452157420266658,0.0,0.7640004229324608,0.0,15,Beldum,Psychic/Steel
0.0,0.0,0.0,0.0,0.0,0.0,0.0,0.0,0.0,1.0,0.0,0.0,0.0,0.0,0.0,0.0,0.0,0.0,3,Bellossom,Grass
0.0,0.0,0.0,0.0,0.0,0.0,0.0,0.0,0.0,0.6593984843694064,0.0,0.0,0.0,0.7517936145055567,0.0,0.0,0.0,0.0,17,Bellsprout,Grass/Poison
0.0,0.0,0.0,0.0,0.0,0.0,0.0,0.0,0.0,0.0,0.0,1.0,0.0,0.0,0.0,0.0,0.0,0.0,16,Bergmite,Ice
0.0,0.0,0.0,0.0,0.0,0.0,0.0,0.0,0.0,0.0,0.0,0.0,0.7319976602969862,0.0,0.0,0.0,0.0,0.6813071446269573,13,Bibarel,Normal/Water
0.0,0.0,0.0,0.0,0.0,0.0,0.0,0.0,0.0,0.0,0.0,0.0,1.0,0.0,0.0,0.0,0.0,0.0,13,Bidoof,Normal
0.0,0.0,0.0,0.0,0.0,0.0,0.0,0.0,0.0,0.0,0.0,0.0,0.0,0.0,0.0,0.7846407605505287,0.0,0.6199507052037991,1,Binacle,Rock/Water
0.0,0.7009634292799244,0.0,0.0,0.0,0.0,0.0,0.0,0.0,0.0,0.0,0.0,0.0,0.0,0.0,0.0,0.7131972173334166,0.0,10,Bisharp,Dark/Steel
0.0,0.0,0.0,0.0,0.0,0.0,0.0,0.0,0.0,0.0,0.0,0.0,0.0,0.0,0.0,0.0,0.0,1.0,7,Blastoise,Water
0.0,0.0,0.0,0.0,0.0,0.7276130770726051,0.6859877623346754,0.0,0.0,0.0,0.0,0.0,0.0,0.0,0.0,0.0,0.0,0.0,8,Blaziken,Fighting/Fire
0.0,0.0,0.0,0.0,0.0,0.0,0.0,0.0,0.0,0.0,0.0,0.0,1.0,0.0,0.0,0.0,0.0,0.0,13,Blissey,Normal
0.0,0.0,0.0,1.0,0.0,0.0,0.0,0.0,0.0,0.0,0.0,0.0,0.0,0.0,0.0,0.0,0.0,0.0,9,Blitzle,Electric
0.0,0.0,0.0,0.0,0.0,0.0,0.0,0.0,0.0,0.0,0.0,0.0,0.0,0.0,0.0,1.0,0.0,0.0,1,Boldore,Rock
0.0,0.0,0.0,0.0,0.0,0.0,0.0,0.0,0.0,0.0,0.0,0.0,0.0,0.0,0.0,1.0,0.0,0.0,1,Bonsly,Rock
0.0,0.0,0.0,0.0,0.0,0.0,0.0,0.0,0.0,0.0,0.0,0.0,1.0,0.0,0.0,0.0,0.0,0.0,13,Bouffalant,Normal
0.0,0.0,0.0,0.0,0.0,0.0,1.0,0.0,0.0,0.0,0.0,0.0,0.0,0.0,0.0,0.0,0.0,0.0,6,Braixen,Fire
0.0,0.0,0.0,0.0,0.0,0.0,0.0,0.7106898958139727,0.0,0.0,0.0,0.0,0.7035054171702766,0.0,0.0,0.0,0.0,0.0,2,Braviary,Flying/Normal
0.0,0.0,0.0,0.0,0.0,0.7780901543604184,0.0,0.0,0.0,0.62815261814895,0.0,0.0,0.0,0.0,0.0,0.0,0.0,0.0,8,Breloom,Fighting/Grass
0.0,0.0,0.0,0.0,0.0,0.0,0.0,0.0,0.0,0.0,0.0,0.0,0.0,0.0,0.6452157420266658,0.0,0.7640004229324608,0.0,15,Bronzong,Psychic/Steel
0.0,0.0,0.0,0.0,0.0,0.0,0.0,0.0,0.0,0.0,0.0,0.0,0.0,0.0,0.6452157420266658,0.0,0.7640004229324608,0.0,15,Bronzor,Psychic/Steel
0.0,0.0,0.0,0.0,0.0,0.0,0.0,0.0,0.0,0.6593984843694064,0.0,0.0,0.0,0.7517936145055567,0.0,0.0,0.0,0.0,17,Budew,Grass/Poison
0.0,0.0,0.0,0.0,0.0,0.0,0.0,0.0,0.0,0.0,0.0,0.0,0.0,0.0,0.0,0.0,0.0,1.0,7,Buizel,Water
0.0,0.0,0.0,0.0,0.0,0.0,0.0,0.0,0.0,0.6593984843694064,0.0,0.0,0.0,0.7517936145055567,0.0,0.0,0.0,0.0,17,Bulbasaur,Grass/Poison
0.0,0.0,0.0,0.0,0.0,0.0,0.0,0.0,0.0,0.0,0.0,0.0,1.0,0.0,0.0,0.0,0.0,0.0,13,Buneary,Normal
0.0,0.0,0.0,0.0,0.0,0.0,0.0,0.0,0.0,0.0,0.0,0.0,1.0,0.0,0.0,0.0,0.0,0.0,13,Bunnelby,Normal
1.0,0.0,0.0,0.0,0.0,0.0,0.0,0.0,0.0,0.0,0.0,0.0,0.0,0.0,0.0,0.0,0.0,0.0,18,Burmy,Bug
0.7397254967239467,0.0,0.0,0.0,0.0,0.0,0.0,0.6729087527269284,0.0,0.0,0.0,0.0,0.0,0.0,0.0,0.0,0.0,0.0,18,Butterfree,Bug/Flying
0.0,0.0,0.0,0.0,0.0,0.0,0.0,0.0,0.0,1.0,0.0,0.0,0.0,0.0,0.0,0.0,0.0,0.0,3,Cacnea,Grass
0.0,0.7745613438948389,0.0,0.0,0.0,0.0,0.0,0.0,0.0,0.6324987941046377,0.0,0.0,0.0,0.0,0.0,0.0,0.0,0.0,10,Cacturne,Dark/Grass
0.0,0.0,0.0,0.0,0.0,0.0,0.7187540695058159,0.0,0.0,0.0,0.6952644011948468,0.0,0.0,0.0,0.0,0.0,0.0,0.0,0,Camerupt,Fire/Ground
0.0,0.0,0.0,0.0,0.748326491731962,0.0,0.0,0.0,0.0,0.0,0.0,0.0,0.0,0.0,0.0,0.6633305825696069,0.0,0.0,11,Carbink,Fairy/Rock
0.0,0.0,0.0,0.0,0.0,0.0,0.0,0.0,0.0,1.0,0.0,0.0,0.0,0.0,0.0,0.0,0.0,0.0,3,Carnivine,Grass
0.0,0.0,0.0,0.0,0.0,0.0,0.0,0.0,0.0,0.0,0.0,0.0,0.0,0.0,0.0,0.7846407605505287,0.0,0.6199507052037991,1,Carracosta,Rock/Water
0.0,0.8000852535883521,0.0,0.0,0.0,0.0,0.0,0.0,0.0,0.0,0.0,0.0,0.0,0.0,0.0,0.0,0.0,0.5998863117211978,10,Carvanha,Dark/Water
1.0,0.0,0.0,0.0,0.0,0.0,0.0,0.0,0.0,0.0,0.0,0.0,0.0,0.0,0.0,0.0,0.0,0.0,18,Cascoon,Bug
0.0,0.0,0.0,0.0,0.0,0.0,0.0,0.0,0.0,0.0,0.0,0.0,1.0,0.0,0.0,0.0,0.0,0.0,13,Castform,Normal
1.0,0.0,0.0,0.0,0.0,0.0,0.0,0.0,0.0,0.0,0.0,0.0,0.0,0.0,0.0,0.0,0.0,0.0,18,Caterpie,Bug
0.0,0.0,0.0,0.0,0.0,0.0,0.0,0.0,0.0,0.6888783605081328,0.0,0.0,0.0,0.0,0.7248769581271203,0.0,0.0,0.0,4,Celebi,Grass/Psychic
0.0,0.0,0.0,0.0,0.0,0.0,0.683856424315583,0.0,0.7296166054321305,0.0,0.0,0.0,0.0,0.0,0.0,0.0,0.0,0.0,14,Chandelure,Fire/Ghost
0.0,0.0,0.0,0.0,0.0,0.0,0.0,0.0,0.0,0.0,0.0,0.0,1.0,0.0,0.0,0.0,0.0,0.0,13,Chansey,Normal
0.0,0.0,0.0,0.0,0.0,0.0,1.0,0.0,0.0,0.0,0.0,0.0,0.0,0.0,0.0,0.0,0.0,0.0,6,Charmander,Fire
0.0,0.0,0.0,0.0,0.0,0.0,1.0,0.0,0.0,0.0,0.0,0.0,0.0,0.0,0.0,0.0,0.0,0.0,6,Charmeleon,Fire
0.0,0.0,0.0,0.0,0.0,0.0,0.0,0.7106898958139727,0.0,0.0,0.0,0.0,0.7035054171702766,0.0,0.0,0.0,0.0,0.0,2,Chatot,Flying/Normal
0.0,0.0,0.0,0.0,0.0,0.0,0.0,0.0,0.0,1.0,0.0,0.0,0.0,0.0,0.0,0.0,0.0,0.0,3,Cherrim,Grass
0.0,0.0,0.0,0.0,0.0,0.0,0.0,0.0,0.0,1.0,0.0,0.0,0.0,0.0,0.0,0.0,0.0,0.0,3,Cherubi,Grass
0.0,0.0,0.0,0.0,0.0,0.7780901543604184,0.0,0.0,0.0,0.62815261814895,0.0,0.0,0.0,0.0,0.0,0.0,0.0,0.0,8,Chesnaught,Fighting/Grass
0.0,0.0,0.0,0.0,0.0,0.0,0.0,0.0,0.0,1.0,0.0,0.0,0.0,0.0,0.0,0.0,0.0,0.0,3,Chespin,Grass
0.0,0.0,0.0,0.0,0.0,0.0,0.0,0.0,0.0,1.0,0.0,0.0,0.0,0.0,0.0,0.0,0.0,0.0,3,Chikorita,Grass
0.0,0.0,0.0,0.0,0.0,0.0,1.0,0.0,0.0,0.0,0.0,0.0,0.0,0.0,0.0,0.0,0.0,0.0,6,Chimchar,Fire
0.0,0.0,0.0,0.0,0.0,0.0,0.0,0.0,0.0,0.0,0.0,0.0,0.0,0.0,1.0,0.0,0.0,0.0,4,Chimecho,Psychic
0.0,0.0,0.0,0.7952962362265661,0.0,0.0,0.0,0.0,0.0,0.0,0.0,0.0,0.0,0.0,0.0,0.0,0.0,0.606220996538274,9,Chinchou,Electric/Water
0.0,0.0,0.0,0.0,0.0,0.0,0.0,0.0,0.0,0.0,0.0,0.0,0.0,0.0,1.0,0.0,0.0,0.0,4,Chingling,Psychic
0.0,0.0,0.0,0.0,0.0,0.0,0.0,0.0,0.0,0.0,0.0,0.0,1.0,0.0,0.0,0.0,0.0,0.0,13,Cinccino,Normal
0.0,0.0,0.0,0.0,0.0,0.0,0.0,0.0,0.0,0.0,0.0,0.0,0.0,0.0,0.0,0.0,0.0,1.0,7,Clamperl,Water
0.0,0.0,0.0,0.0,0.0,0.0,0.0,0.0,0.0,0.0,0.0,0.0,0.0,0.0,0.0,0.0,0.0,1.0,7,Clauncher,Water
0.0,0.0,0.0,0.0,0.0,0.0,0.0,0.0,0.0,0.0,0.0,0.0,0.0,0.0,0.0,0.0,0.0,1.0,7,Clawitzer,Water
0.0,0.0,0.0,0.0,0.0,0.0,0.0,0.0,0.0,0.0,0.7317329950879612,0.0,0.0,0.0,0.6815913907170498,0.0,0.0,0.0,0,Claydol,Ground/Psychic
0.0,0.0,0.0,0.0,1.0,0.0,0.0,0.0,0.0,0.0,0.0,0.0,0.0,0.0,0.0,0.0,0.0,0.0,11,Clefairy,Fairy
0.0,0.0,0.0,0.0,1.0,0.0,0.0,0.0,0.0,0.0,0.0,0.0,0.0,0.0,0.0,0.0,0.0,0.0,11,Cleffa,Fairy
0.0,0.0,0.0,0.0,0.0,0.0,0.0,0.0,0.0,0.0,0.0,0.8154397800897367,0.0,0.0,0.0,0.0,0.0,0.5788419171476802,16,Cloyster,Ice/Water
0.0,0.0,0.0,0.0,0.0,0.7050313785830147,0.0,0.0,0.0,0.0,0.0,0.0,0.0,0.0,0.0,0.0,0.7091761101541239,0.0,8,Cobalion,Fighting/Steel
0.0,0.0,0.0,0.0,0.0,0.0,0.0,0.0,1.0,0.0,0.0,0.0,0.0,0.0,0.0,0.0,0.0,0.0,14,Cofagrigus,Ghost
0.7397254967239467,0.0,0.0,0.0,0.0,0.0,0.0,0.6729087527269284,0.0,0.0,0.0,0.0,0.0,0.0,0.0,0.0,0.0,0.0,18,Combee,Bug/Flying
0.0,0.0,0.0,0.0,0.0,0.7276130770726051,0.6859877623346754,0.0,0.0,0.0,0.0,0.0,0.0,0.0,0.0,0.0,0.0,0.0,8,Combusken,Fighting/Fire
0.0,0.0,0.0,0.0,0.0,1.0,0.0,0.0,0.0,0.0,0.0,0.0,0.0,0.0,0.0,0.0,0.0,0.0,8,Conkeldurr,Fighting
0.0,0.0,0.0,0.0,0.0,0.0,0.0,0.0,0.0,0.0,0.0,0.0,0.0,0.0,0.0,0.0,0.0,1.0,7,Corphish,Water
0.0,0.0,0.0,0.0,0.0,0.0,0.0,0.0,0.0,0.0,0.0,0.0,0.0,0.0,0.0,0.7846407605505287,0.0,0.6199507052037991,1,Corsola,Rock/Water
0.0,0.0,0.0,0.0,0.7950980866192163,0.0,0.0,0.0,0.0,0.6064808592647101,0.0,0.0,0.0,0.0,0.0,0.0,0.0,0.0,11,Cottonee,Fairy/Grass
0.0,0.0,0.0,0.0,0.0,0.0,0.0,0.0,0.0,0.6522628159157297,0.0,0.0,0.0,0.0,0.0,0.7579928884717078,0.0,0.0,1,Cradily,Grass/Rock
0.0,0.0,0.0,0.0,0.0,0.0,0.0,0.0,0.0,0.0,0.0,0.0,0.0,0.0,0.0,1.0,0.0,0.0,1,Cranidos,Rock
0.0,0.8000852535883521,0.0,0.0,0.0,0.0,0.0,0.0,0.0,0.0,0.0,0.0,0.0,0.0,0.0,0.0,0.0,0.5998863117211978,10,Crawdaunt,Dark/Water
0.0,0.0,0.0,0.0,0.0,0.0,0.0,0.0,0.0,0.0,0.0,0.0,0.0,0.0,1.0,0.0,0.0,0.0,4,Cresselia,Psychic
0.0,0.0,0.0,0.0,0.0,0.7357770964258931,0.0,0.0,0.0,0.0,0.0,0.0,0.0,0.6772237919440531,0.0,0.0,0.0,0.0,8,Croagunk,Fighting/Poison
0.0,0.0,0.0,0.0,0.0,0.0,0.0,0.6581176782955985,0.0,0.0,0.0,0.0,0.0,0.7529150825390676,0.0,0.0,0.0,0.0,17,Crobat,Flying/Poison
0.0,0.0,0.0,0.0,0.0,0.0,0.0,0.0,0.0,0.0,0.0,0.0,0.0,0.0,0.0,0.0,0.0,1.0,7,Croconaw,Water
0.6859578881145799,0.0,0.0,0.0,0.0,0.0,0.0,0.0,0.0,0.0,0.0,0.0,0.0,0.0,0.0,0.7276412410888937,0.0,0.0,18,Crustle,Bug/Rock
0.0,0.0,0.0,0.0,0.0,0.0,0.0,0.0,0.0,0.0,0.0,1.0,0.0,0.0,0.0,0.0,0.0,0.0,16,Cryogonal,Ice
0.0,0.0,0.0,0.0,0.0,0.0,0.0,0.0,0.0,0.0,0.0,1.0,0.0,0.0,0.0,0.0,0.0,0.0,16,Cubchoo,Ice
0.0,0.0,0.0,0.0,0.0,0.0,0.0,0.0,0.0,0.0,1.0,0.0,0.0,0.0,0.0,0.0,0.0,0.0,0,Cubone,Ground
0.0,0.0,0.0,0.0,0.0,0.0,1.0,0.0,0.0,0.0,0.0,0.0,0.0,0.0,0.0,0.0,0.0,0.0,6,Cyndaquil,Fire
0.0,1.0,0.0,0.0,0.0,0.0,0.0,0.0,0.0,0.0,0.0,0.0,0.0,0.0,0.0,0.0,0.0,0.0,10,Darkrai,Dark
0.0,0.0,0.0,0.0,0.0,0.0,1.0,0.0,0.0,0.0,0.0,0.0,0.0,0.0,0.0,0.0,0.0,0.0,6,Darmanitan,Fire
0.0,0.0,0.0,0.0,0.0,0.0,1.0,0.0,0.0,0.0,0.0,0.0,0.0,0.0,0.0,0.0,0.0,0.0,6,Darumaka,Fire
0.0,0.0,0.0,0.6765796351682247,0.7363694706298136,0.0,0.0,0.0,0.0,0.0,0.0,0.0,0.0,0.0,0.0,0.0,0.0,0.0,11,Dedenne,Electric/Fairy
0.0,0.0,0.0,0.0,0.0,0.0,0.0,0.0,0.0,0.7118969919311259,0.0,0.0,0.7022838976364291,0.0,0.0,0.0,0.0,0.0,3,Deerling,Grass/Normal
0.0,0.694447260418393,0.7195436070853446,0.0,0.0,0.0,0.0,0.0,0.0,0.0,0.0,0.0,0.0,0.0,0.0,0.0,0.0,0.0,10,Deino,Dark/Dragon
0.0,0.0,0.0,0.0,0.0,0.0,0.0,0.0,0.0,0.0,0.0,0.0,1.0,0.0,0.0,0.0,0.0,0.0,13,Delcatty,Normal
0.0,0.0,0.0,0.0,0.0,0.0,0.0,0.610320064924801,0.0,0.0,0.0,0.7921549206753605,0.0,0.0,0.0,0.0,0.0,0.0,16,Delibird,Flying/Ice
0.0,0.0,0.0,0.0,0.0,0.0,0.7429120959733433,0.0,0.0,0.0,0.0,0.0,0.0,0.0,0.6693889882993997,0.0,0.0,0.0,6,Delphox,Fire/Psychic
0.0,0.0,0.0,0.0,0.0,0.0,0.0,0.0,0.0,0.0,0.0,0.0,0.0,0.0,1.0,0.0,0.0,0.0,4,Deoxys,Psychic
0.0,0.0,0.0,0.0,0.0,0.0,0.0,0.0,0.0,0.0,0.0,0.0,0.0,0.0,1.0,0.0,0.0,0.0,4,Deoxys-Attack,Psychic
0.0,0.0,0.0,0.0,0.0,0.0,0.0,0.0,0.0,0.0,0.0,0.0,0.0,0.0,1.0,0.0,0.0,0.0,4,Deoxys-Defense,Psychic
0.0,0.0,0.0,0.0,0.0,0.0,0.0,0.0,0.0,0.0,0.0,0.0,0.0,0.0,1.0,0.0,0.0,0.0,4,Deoxys-Speed,Psychic
0.0,0.0,0.0,0.0,0.0,0.0,0.0,0.0,0.0,0.0,0.0,0.8154397800897367,0.0,0.0,0.0,0.0,0.0,0.5788419171476802,16,Dewgong,Ice/Water
0.0,0.0,0.0,0.0,0.0,0.0,0.0,0.0,0.0,0.0,0.0,0.0,0.0,0.0,0.0,0.0,0.0,1.0,7,Dewott,Water
0.0,0.0,0.713511259468923,0.0,0.0,0.0,0.0,0.0,0.0,0.0,0.0,0.0,0.0,0.0,0.0,0.0,0.7006437629859209,0.0,12,Dialga,Dragon/Steel
0.0,0.0,0.0,0.0,0.748326491731962,0.0,0.0,0.0,0.0,0.0,0.0,0.0,0.0,0.0,0.0,0.6633305825696069,0.0,0.0,11,Diancie,Fairy/Rock
0.0,0.0,0.0,0.0,0.0,0.0,0.0,0.0,0.0,0.0,0.7532245673295085,0.0,0.6577634462109266,0.0,0.0,0.0,0.0,0.0,0,Diggersby,Ground/Normal
0.0,0.0,0.0,0.0,0.0,0.0,0.0,0.0,0.0,0.0,1.0,0.0,0.0,0.0,0.0,0.0,0.0,0.0,0,Diglett,Ground
0.0,0.0,0.0,0.0,0.0,0.0,0.0,0.0,0.0,0.0,0.0,0.0,1.0,0.0,0.0,0.0,0.0,0.0,13,Ditto,Normal
0.0,0.0,0.0,0.0,0.0,0.0,0.0,0.7106898958139727,0.0,0.0,0.0,0.0,0.7035054171702766,0.0,0.0,0.0,0.0,0.0,2,Dodrio,Flying/Normal
0.0,0.0,0.0,0.0,0.0,0.0,0.0,0.7106898958139727,0.0,0.0,0.0,0.0,0.7035054171702766,0.0,0.0,0.0,0.0,0.0,2,Doduo,Flying/Normal
0.0,0.0,0.0,0.0,0.0,0.0,0.0,0.0,0.0,0.0,1.0,0.0,0.0,0.0,0.0,0.0,0.0,0.0,0,Donphan,Ground
0.0,0.0,0.0,0.0,0.0,0.0,0.0,0.0,0.7071067811865475,0.0,0.0,0.0,0.0,0.0,0.0,0.0,0.7071067811865475,0.0,14,Doublade,Ghost/Steel
0.0,0.0,0.743834433925427,0.0,0.0,0.0,0.0,0.0,0.0,0.0,0.0,0.0,0.0,0.6683639240016171,0.0,0.0,0.0,0.0,12,Dragalge,Dragon/Poison
0.0,0.0,1.0,0.0,0.0,0.0,0.0,0.0,0.0,0.0,0.0,0.0,0.0,0.0,0.0,0.0,0.0,0.0,12,Dragonair,Dragon
0.0,0.0,0.7864360606072077,0.0,0.0,0.0,0.0,0.6176716948157948,0.0,0.0,0.0,0.0,0.0,0.0,0.0,0.0,0.0,0.0,12,Dragonite,Dragon/Flying
0.0,0.731902734740065,0.0,0.0,0.0,0.0,0.0,0.0,0.0,0.0,0.0,0.0,0.0,0.6814091185770952,0.0,0.0,0.0,0.0,10,Drapion,Dark/Poison
0.0,0.0,1.0,0.0,0.0,0.0,0.0,0.0,0.0,0.0,0.0,0.0,0.0,0.0,0.0,0.0,0.0,0.0,12,Dratini,Dragon
0.0,0.0,0.0,0.0,0.0,0.0,0.0,0.6246142356764681,0.7809334520881415,0.0,0.0,0.0,0.0,0.0,0.0,0.0,0.0,0.0,14,Drifblim,Flying/Ghost
0.0,0.0,0.0,0.0,0.0,0.0,0.0,0.6246142356764681,0.7809334520881415,0.0,0.0,0.0,0.0,0.0,0.0,0.0,0.0,0.0,14,Drifloon,Flying/Ghost
0.0,0.0,0.0,0.0,0.0,0.0,0.0,0.0,0.0,0.0,1.0,0.0,0.0,0.0,0.0,0.0,0.0,0.0,0,Drilbur,Ground
0.0,0.0,0.0,0.0,0.0,0.0,0.0,0.0,0.0,0.0,0.0,0.0,0.0,0.0,1.0,0.0,0.0,0.0,4,Drowzee,Psychic
0.0,0.0,1.0,0.0,0.0,0.0,0.0,0.0,0.0,0.0,0.0,0.0,0.0,0.0,0.0,0.0,0.0,0.0,12,Druddigon,Dragon
0.0,0.0,0.0,0.0,0.0,0.0,0.0,0.735439292556123,0.0,0.0,0.0,0.0,0.0,0.0,0.0,0.0,0.0,0.6775906190057159,7,Ducklett,Flying/Water
0.0,0.0,0.0,0.0,0.0,0.0,0.0,0.0,0.0,0.0,1.0,0.0,0.0,0.0,0.0,0.0,0.0,0.0,0,Dugtrio,Ground
0.0,0.0,0.0,0.0,0.0,0.0,0.0,0.0,0.0,0.0,0.0,0.0,1.0,0.0,0.0,0.0,0.0,0.0,13,Dunsparce,Normal
0.0,0.0,0.0,0.0,0.0,0.0,0.0,0.0,0.0,0.0,0.0,0.0,0.0,0.0,1.0,0.0,0.0,0.0,4,Duosion,Psychic
0.6603103092110966,0.0,0.0,0.0,0.0,0.0,0.0,0.0,0.0,0.0,0.0,0.0,0.0,0.0,0.0,0.0,0.7509928731682786,0.0,15,Durant,Bug/Steel
0.0,0.0,0.0,0.0,0.0,0.0,0.0,0.0,1.0,0.0,0.0,0.0,0.0,0.0,0.0,0.0,0.0,0.0,14,Dusclops,Ghost
0.0,0.0,0.0,0.0,0.0,0.0,0.0,0.0,1.0,0.0,0.0,0.0,0.0,0.0,0.0,0.0,0.0,0.0,14,Dusknoir,Ghost
0.0,0.0,0.0,0.0,0.0,0.0,0.0,0.0,1.0,0.0,0.0,0.0,0.0,0.0,0.0,0.0,0.0,0.0,14,Duskull,Ghost
0.6928643074195012,0.0,0.0,0.0,0.0,0.0,0.0,0.0,0.0,0.0,0.0,0.0,0.0,0.7210679936761131,0.0,0.0,0.0,0.0,5,Dustox,Bug/Poison
0.6859578881145799,0.0,0.0,0.0,0.0,0.0,0.0,0.0,0.0,0.0,0.0,0.0,0.0,0.0,0.0,0.7276412410888937,0.0,0.0,18,Dwebble,Bug/Rock
0.0,0.0,0.0,1.0,0.0,0.0,0.0,0.0,0.0,0.0,0.0,0.0,0.0,0.0,0.0,0.0,0.0,0.0,9,Eelektrik,Electric
0.0,0.0,0.0,1.0,0.0,0.0,0.0,0.0,0.0,0.0,0.0,0.0,0.0,0.0,0.0,0.0,0.0,0.0,9,Eelektross,Electric
0.0,0.0,0.0,0.0,0.0,0.0,0.0,0.0,0.0,0.0,0.0,0.0,1.0,0.0,0.0,0.0,0.0,0.0,13,Eevee,Normal
0.0,0.0,0.0,0.0,0.0,0.0,0.0,0.0,0.0,0.0,0.0,0.0,0.0,1.0,0.0,0.0,0.0,0.0,17,Ekans,Poison
0.0,0.0,0.0,1.0,0.0,0.0,0.0,0.0,0.0,0.0,0.0,0.0,0.0,0.0,0.0,0.0,0.0,0.0,9,Electabuzz,Electric
0.0,0.0,0.0,1.0,0.0,0.0,0.0,0.0,0.0,0.0,0.0,0.0,0.0,0.0,0.0,0.0,0.0,0.0,9,Electivire,Electric
0.0,0.0,0.0,1.0,0.0,0.0,0.0,0.0,0.0,0.0,0.0,0.0,0.0,0.0,0.0,0.0,0.0,0.0,9,Electrike,Electric
0.0,0.0,0.0,1.0,0.0,0.0,0.0,0.0,0.0,0.0,0.0,0.0,0.0,0.0,0.0,0.0,0.0,0.0,9,Electrode,Electric
0.0,0.0,0.0,1.0,0.0,0.0,0.0,0.0,0.0,0.0,0.0,0.0,0.0,0.0,0.0,0.0,0.0,0.0,9,Elekid,Electric
0.0,0.0,0.0,0.0,0.0,0.0,0.0,0.0,0.0,0.0,0.0,0.0,0.0,0.0,1.0,0.0,0.0,0.0,4,Elgyem,Psychic
0.0,0.0,0.0,0.0,0.0,0.7276130770726051,0.6859877623346754,0.0,0.0,0.0,0.0,0.0,0.0,0.0,0.0,0.0,0.0,0.0,8,Emboar,Fighting/Fire
0.0,0.0,0.0,0.7704893132939097,0.0,0.0,0.0,0.637452914417904,0.0,0.0,0.0,0.0,0.0,0.0,0.0,0.0,0.0,0.0,9,Emolga,Electric/Flying
0.0,0.0,0.0,0.0,0.0,0.0,0.0,0.0,0.0,0.0,0.0,0.0,0.0,0.0,0.0,0.0,0.8050271533360117,0.593237964388421,15,Empoleon,Steel/Water
0.0,0.0,0.0,0.0,0.0,0.0,1.0,0.0,0.0,0.0,0.0,0.0,0.0,0.0,0.0,0.0,0.0,0.0,6,Entei,Fire
0.6603103092110966,0.0,0.0,0.0,0.0,0.0,0.0,0.0,0.0,0.0,0.0,0.0,0.0,0.0,0.0,0.0,0.7509928731682786,0.0,15,Escavalier,Bug/Steel
0.0,0.0,0.0,0.0,0.0,0.0,0.0,0.0,0.0,0.0,0.0,0.0,0.0,0.0,1.0,0.0,0.0,0.0,4,Espeon,Psychic
0.0,0.0,0.0,0.0,0.0,0.0,0.0,0.0,0.0,0.0,0.0,0.0,0.0,0.0,1.0,0.0,0.0,0.0,4,Espurr,Psychic
0.0,0.0,0.0,0.0,0.0,0.0,0.0,0.0,0.0,0.0,0.671682312375767,0.0,0.0,0.0,0.0,0.0,0.7408393019012575,0.0,15,Excadrill,Ground/Steel
0.0,0.0,0.0,0.0,0.0,0.0,0.0,0.0,0.0,0.6888783605081328,0.0,0.0,0.0,0.0,0.7248769581271203,0.0,0.0,0.0,4,Exeggcute,Grass/Psychic
0.0,0.0,0.0,0.0,0.0,0.0,0.0,0.0,0.0,0.6888783605081328,0.0,0.0,0.0,0.0,0.7248769581271203,0.0,0.0,0.0,4,Exeggutor,Grass/Psychic
0.0,0.0,0.0,0.0,0.0,0.0,0.0,0.0,0.0,0.0,0.0,0.0,1.0,0.0,0.0,0.0,0.0,0.0,13,Exploud,Normal
0.0,0.0,0.0,0.0,0.0,0.0,0.0,0.7106898958139727,0.0,0.0,0.0,0.0,0.7035054171702766,0.0,0.0,0.0,0.0,0.0,2,Farfetch'd,Flying/Normal
0.0,0.0,0.0,0.0,0.0,0.0,0.0,0.7106898958139727,0.0,0.0,0.0,0.0,0.7035054171702766,0.0,0.0,0.0,0.0,0.0,2,Fearow,Flying/Normal
0.0,0.0,0.0,0.0,0.0,0.0,0.0,0.0,0.0,0.0,0.0,0.0,0.0,0.0,0.0,0.0,0.0,1.0,7,Feebas,Water
0.0,0.0,0.0,0.0,0.0,0.0,1.0,0.0,0.0,0.0,0.0,0.0,0.0,0.0,0.0,0.0,0.0,0.0,6,Fennekin,Fire
0.0,0.0,0.0,0.0,0.0,0.0,0.0,0.0,0.0,0.0,0.0,0.0,0.0,0.0,0.0,0.0,0.0,1.0,7,Feraligatr,Water
0.0,0.0,0.0,0.0,0.0,0.0,0.0,0.0,0.0,0.6259222844819904,0.0,0.0,0.0,0.0,0.0,0.0,0.7798854363230835,0.0,15,Ferroseed,Grass/Steel
0.0,0.0,0.0,0.0,0.0,0.0,0.0,0.0,0.0,0.6259222844819904,0.0,0.0,0.0,0.0,0.0,0.0,0.7798854363230835,0.0,15,Ferrothorn,Grass/Steel
0.0,0.0,0.0,0.0,0.0,0.0,0.0,0.0,0.0,0.0,0.0,0.0,0.0,0.0,0.0,0.0,0.0,1.0,7,Finneon,Water
0.0,0.0,0.0,1.0,0.0,0.0,0.0,0.0,0.0,0.0,0.0,0.0,0.0,0.0,0.0,0.0,0.0,0.0,9,Flaaffy,Electric
0.0,0.0,0.0,0.0,1.0,0.0,0.0,0.0,0.0,0.0,0.0,0.0,0.0,0.0,0.0,0.0,0.0,0.0,11,Flabebe,Fairy
0.0,0.0,0.0,0.0,0.0,0.0,1.0,0.0,0.0,0.0,0.0,0.0,0.0,0.0,0.0,0.0,0.0,0.0,6,Flareon,Fire
0.0,0.0,0.0,0.0,0.0,0.0,0.7606800626743974,0.6491269846876456,0.0,0.0,0.0,0.0,0.0,0.0,0.0,0.0,0.0,0.0,6,Fletchinder,Fire/Flying
0.0,0.0,0.0,0.0,0.0,0.0,0.0,0.7106898958139727,0.0,0.0,0.0,0.0,0.7035054171702766,0.0,0.0,0.0,0.0,0.0,2,Fletchling,Flying/Normal
0.0,0.0,0.0,0.0,0.0,0.0,0.0,0.0,0.0,0.0,0.0,0.0,0.0,0.0,0.0,0.0,0.0,1.0,7,Floatzel,Water
0.0,0.0,0.0,0.0,1.0,0.0,0.0,0.0,0.0,0.0,0.0,0.0,0.0,0.0,0.0,0.0,0.0,0.0,11,Floette,Fairy
0.0,0.0,0.0,0.0,1.0,0.0,0.0,0.0,0.0,0.0,0.0,0.0,0.0,0.0,0.0,0.0,0.0,0.0,11,Floette-Eternal,Fairy
0.0,0.0,0.0,0.0,1.0,0.0,0.0,0.0,0.0,0.0,0.0,0.0,0.0,0.0,0.0,0.0,0.0,0.0,11,Florges,Fairy
0.0,0.0,0.746885786395021,0.0,0.0,0.0,0.0,0.0,0.0,0.0,0.6649523457219255,0.0,0.0,0.0,0.0,0.0,0.0,0.0,12,Flygon,Dragon/Ground
0.0,0.0,0.0,0.0,0.0,0.0,0.0,0.0,0.0,0.6593984843694064,0.0,0.0,0.0,0.7517936145055567,0.0,0.0,0.0,0.0,17,Foongus,Grass/Poison
0.6603103092110966,0.0,0.0,0.0,0.0,0.0,0.0,0.0,0.0,0.0,0.0,0.0,0.0,0.0,0.0,0.0,0.7509928731682786,0.0,15,Forretress,Bug/Steel
0.0,0.0,1.0,0.0,0.0,0.0,0.0,0.0,0.0,0.0,0.0,0.0,0.0,0.0,0.0,0.0,0.0,0.0,12,Fraxure,Dragon
0.0,0.0,0.0,0.0,0.0,0.0,0.0,0.0,0.8050271533360117,0.0,0.0,0.0,0.0,0.0,0.0,0.0,0.0,0.593237964388421,14,Frillish,Ghost/Water
0.0,0.0,0.0,0.0,0.0,0.0,0.0,0.0,0.0,0.0,0.0,0.0,0.0,0.0,0.0,0.0,0.0,1.0,7,Froakie,Water
0.0,0.0,0.0,0.0,0.0,0.0,0.0,0.0,0.0,0.0,0.0,0.0,0.0,0.0,0.0,0.0,0.0,1.0,7,Frogadier,Water
0.0,0.0,0.0,0.0,0.0,0.0,0.0,0.0,0.6937577714430363,0.0,0.0,0.7202084105051758,0.0,0.0,0.0,0.0,0.0,0.0,16,Froslass,Ghost/Ice
0.0,0.0,0.0,0.0,0.0,0.0,0.0,0.0,0.0,0.0,0.0,0.0,1.0,0.0,0.0,0.0,0.0,0.0,13,Furfrou,Normal
0.0,0.0,0.0,0.0,0.0,0.0,0.0,0.0,0.0,0.0,0.0,0.0,1.0,0.0,0.0,0.0,0.0,0.0,13,Furret,Normal
0.0,0.0,0.746885786395021,0.0,0.0,0.0,0.0,0.0,0.0,0.0,0.6649523457219255,0.0,0.0,0.0,0.0,0.0,0.0,0.0,12,Gabite,Dragon/Ground
0.0,0.0,0.0,0.0,0.0,0.7621320190987213,0.0,0.0,0.0,0.0,0.0,0.0,0.0,0.0,0.6474216442663207,0.0,0.0,0.0,8,Gallade,Fighting/Psychic
0.6728327100360237,0.0,0.0,0.739794663609829,0.0,0.0,0.0,0.0,0.0,0.0,0.0,0.0,0.0,0.0,0.0,0.0,0.0,0.0,9,Galvantula,Bug/Electric
0.0,0.0,0.0,0.0,0.0,0.0,0.0,0.0,0.0,0.0,0.0,0.0,0.0,1.0,0.0,0.0,0.0,0.0,17,Garbodor,Poison
0.0,0.0,0.0,0.0,0.7798653572425426,0.0,0.0,0.0,0.0,0.0,0.0,0.0,0.0,0.0,0.6259473017538788,0.0,0.0,0.0,11,Gardevoir,Fairy/Psychic
0.0,0.0,0.0,0.0,0.0,0.0,0.0,0.0,0.737751461051545,0.0,0.0,0.0,0.0,0.6750724270152876,0.0,0.0,0.0,0.0,14,Gastly,Ghost/Poison
0.0,0.0,0.0,0.0,0.0,0.0,0.0,0.0,0.0,0.0,0.776003739018597,0.0,0.0,0.0,0.0,0.0,0.0,0.6307283068240694,0,Gastrodon,Ground/Water
0.6603103092110966,0.0,0.0,0.0,0.0,0.0,0.0,0.0,0.0,0.0,0.0,0.0,0.0,0.0,0.0,0.0,0.7509928731682786,0.0,15,Genesect,Bug/Steel
0.0,0.0,0.0,0.0,0.0,0.0,0.0,0.0,0.737751461051545,0.0,0.0,0.0,0.0,0.6750724270152876,0.0,0.0,0.0,0.0,14,Gengar,Ghost/Poison
0.0,0.0,0.0,0.0,0.0,0.0,0.0,0.0,0.0,0.0,0.6970307324475253,0.0,0.0,0.0,0.0,0.717041252665191,0.0,0.0,0,Geodude,Ground/Rock
0.0,0.0,0.746885786395021,0.0,0.0,0.0,0.0,0.0,0.0,0.0,0.6649523457219255,0.0,0.0,0.0,0.0,0.0,0.0,0.0,12,Gible,Dragon/Ground
0.0,0.0,0.0,0.0,0.0,0.0,0.0,0.0,0.0,0.0,0.0,0.0,0.0,0.0,0.0,1.0,0.0,0.0,1,Gigalith,Rock
0.0,0.0,0.0,0.0,0.0,0.0,0.0,0.0,0.0,0.0,0.0,0.0,0.6839432445900107,0.0,0.7295352206574326,0.0,0.0,0.0,4,Girafarig,Normal/Psychic
0.0,0.0,0.713511259468923,0.0,0.0,0.0,0.0,0.0,0.7006437629859209,0.0,0.0,0.0,0.0,0.0,0.0,0.0,0.0,0.0,14,Giratina,Dragon/Ghost
0.0,0.0,0.713511259468923,0.0,0.0,0.0,0.0,0.0,0.7006437629859209,0.0,0.0,0.0,0.0,0.0,0.0,0.0,0.0,0.0,14,Giratina-Origin,Dragon/Ghost
0.0,0.0,0.0,0.0,0.0,0.0,0.0,0.0,0.0,0.0,0.0,1.0,0.0,0.0,0.0,0.0,0.0,0.0,16,Glaceon,Ice
0.0,0.0,0.0,0.0,0.0,0.0,0.0,0.0,0.0,0.0,0.0,1.0,0.0,0.0,0.0,0.0,0.0,0.0,16,Glalie,Ice
0.0,0.0,0.0,0.0,0.0,0.0,0.0,0.0,0.0,0.0,0.0,0.0,1.0,0.0,0.0,0.0,0.0,0.0,13,Glameow,Normal
0.0,0.0,0.0,0.0,0.0,0.0,0.0,0.6615493541270359,0.0,0.0,0.7499016282514005,0.0,0.0,0.0,0.0,0.0,0.0,0.0,0,Gligar,Flying/Ground
0.0,0.0,0.0,0.0,0.0,0.0,0.0,0.6615493541270359,0.0,0.0,0.7499016282514005,0.0,0.0,0.0,0.0,0.0,0.0,0.0,0,Gliscor,Flying/Ground
0.0,0.0,0.0,0.0,0.0,0.0,0.0,0.0,0.0,0.6593984843694064,0.0,0.0,0.0,0.7517936145055567,0.0,0.0,0.0,0.0,17,Gloom,Grass/Poison
0.0,0.0,0.0,0.0,0.0,0.0,0.0,0.0,0.0,1.0,0.0,0.0,0.0,0.0,0.0,0.0,0.0,0.0,3,Gogoat,Grass
0.0,0.0,0.0,0.0,0.0,0.0,0.0,0.6581176782955985,0.0,0.0,0.0,0.0,0.0,0.7529150825390676,0.0,0.0,0.0,0.0,17,Golbat,Flying/Poison
0.0,0.0,0.0,0.0,0.0,0.0,0.0,0.0,0.0,0.0,0.0,0.0,0.0,0.0,0.0,0.0,0.0,1.0,7,Goldeen,Water
0.0,0.0,0.0,0.0,0.0,0.0,0.0,0.0,0.0,0.0,0.0,0.0,0.0,0.0,0.0,0.0,0.0,1.0,7,Golduck,Water
0.0,0.0,0.0,0.0,0.0,0.0,0.0,0.0,0.0,0.0,0.6970307324475253,0.0,0.0,0.0,0.0,0.717041252665191,0.0,0.0,0,Golem,Ground/Rock
0.0,0.0,0.0,0.0,0.0,0.0,0.0,0.0,0.7408393019012575,0.0,0.671682312375767,0.0,0.0,0.0,0.0,0.0,0.0,0.0,14,Golett,Ghost/Ground
0.0,0.0,0.0,0.0,0.0,0.0,0.0,0.0,0.7408393019012575,0.0,0.671682312375767,0.0,0.0,0.0,0.0,0.0,0.0,0.0,14,Golurk,Ghost/Ground
0.0,0.0,1.0,0.0,0.0,0.0,0.0,0.0,0.0,0.0,0.0,0.0,0.0,0.0,0.0,0.0,0.0,0.0,12,Goodra,Dragon
0.0,0.0,1.0,0.0,0.0,0.0,0.0,0.0,0.0,0.0,0.0,0.0,0.0,0.0,0.0,0.0,0.0,0.0,12,Goomy,Dragon
0.0,0.0,0.0,0.0,0.0,0.0,0.0,0.0,0.0,0.0,0.0,0.0,0.0,0.0,0.0,0.0,0.0,1.0,7,Gorebyss,Water
0.0,0.0,0.0,0.0,0.0,0.0,0.0,0.0,0.0,0.0,0.0,0.0,0.0,0.0,1.0,0.0,0.0,0.0,4,Gothita,Psychic
0.0,0.0,0.0,0.0,0.0,0.0,0.0,0.0,0.0,0.0,0.0,0.0,0.0,0.0,1.0,0.0,0.0,0.0,4,Gothitelle,Psychic
0.0,0.0,0.0,0.0,0.0,0.0,0.0,0.0,0.0,0.0,0.0,0.0,0.0,0.0,1.0,0.0,0.0,0.0,4,Gothorita,Psychic
0.0,0.0,0.0,0.0,0.0,0.0,0.0,0.0,0.7798854363230835,0.6259222844819904,0.0,0.0,0.0,0.0,0.0,0.0,0.0,0.0,14,Gourgeist,Ghost/Grass
0.0,0.0,0.0,0.0,0.0,0.0,0.0,0.0,0.7798854363230835,0.6259222844819904,0.0,0.0,0.0,0.0,0.0,0.0,0.0,0.0,14,Gourgeist-Large,Ghost/Grass
0.0,0.0,0.0,0.0,0.0,0.0,0.0,0.0,0.7798854363230835,0.6259222844819904,0.0,0.0,0.0,0.0,0.0,0.0,0.0,0.0,14,Gourgeist-Small,Ghost/Grass
0.0,0.0,0.0,0.0,0.0,0.0,0.0,0.0,0.7798854363230835,0.6259222844819904,0.0,0.0,0.0,0.0,0.0,0.0,0.0,0.0,14,Gourgeist-Super,Ghost/Grass
0.0,0.0,0.0,0.0,1.0,0.0,0.0,0.0,0.0,0.0,0.0,0.0,0.0,0.0,0.0,0.0,0.0,0.0,11,Granbull,Fairy
0.0,0.0,0.0,0.0,0.0,0.0,0.0,0.0,0.0,0.0,0.6970307324475253,0.0,0.0,0.0,0.0,0.717041252665191,0.0,0.0,0,Graveler,Ground/Rock
0.0,0.8000852535883521,0.0,0.0,0.0,0.0,0.0,0.0,0.0,0.0,0.0,0.0,0.0,0.0,0.0,0.0,0.0,0.5998863117211978,10,Greninja,Dark/Water
0.0,0.0,0.0,0.0,0.0,0.0,0.0,0.0,0.0,0.0,0.0,0.0,0.0,1.0,0.0,0.0,0.0,0.0,17,Grimer,Poison
0.0,0.0,0.0,0.0,0.0,0.0,0.0,0.0,0.0,1.0,0.0,0.0,0.0,0.0,0.0,0.0,0.0,0.0,3,Grotle,Grass
0.0,0.0,0.0,0.0,0.0,0.0,0.0,0.0,0.0,1.0,0.0,0.0,0.0,0.0,0.0,0.0,0.0,0.0,3,Grovyle,Grass
0.0,0.0,0.0,0.0,0.0,0.0,1.0,0.0,0.0,0.0,0.0,0.0,0.0,0.0,0.0,0.0,0.0,0.0,6,Growlithe,Fire
0.0,0.0,0.0,0.0,0.0,0.0,0.0,0.0,0.0,0.0,0.0,0.0,0.0,0.0,1.0,0.0,0.0,0.0,4,Grumpig,Psychic
0.0,0.0,0.0,0.0,0.0,0.0,0.0,0.0,0.0,0.0,0.0,0.0,0.0,1.0,0.0,0.0,0.0,0.0,17,Gulpin,Poison
0.0,0.0,0.0,0.0,0.0,1.0,0.0,0.0,0.0,0.0,0.0,0.0,0.0,0.0,0.0,0.0,0.0,0.0,8,Gurdurr,Fighting
0.0,0.0,0.0,0.0,0.0,0.0,0.0,0.735439292556123,0.0,0.0,0.0,0.0,0.0,0.0,0.0,0.0,0.0,0.6775906190057159,7,Gyarados,Flying/Water
0.0,0.0,0.0,0.0,0.0,0.0,0.0,0.0,0.0,0.0,0.0,0.0,1.0,0.0,0.0,0.0,0.0,0.0,13,Happiny,Normal
0.0,0.0,0.0,0.0,0.0,1.0,0.0,0.0,0.0,0.0,0.0,0.0,0.0,0.0,0.0,0.0,0.0,0.0,8,Hariyama,Fighting
0.0,0.0,0.0,0.0,0.0,0.0,0.0,0.0,0.737751461051545,0.0,0.0,0.0,0.0,0.6750724270152876,0.0,0.0,0.0,0.0,14,Haunter,Ghost/Poison
0.0,0.0,0.0,0.0,0.0,0.7791432375950706,0.0,0.6268459262927942,0.0,0.0,0.0,0.0,0.0,0.0,0.0,0.0,0.0,0.0,8,Hawlucha,Fighting/Flying
0.0,0.0,1.0,0.0,0.0,0.0,0.0,0.0,0.0,0.0,0.0,0.0,0.0,0.0,0.0,0.0,0.0,0.0,12,Haxorus,Dragon
0.0,0.0,0.0,0.0,0.0,0.0,1.0,0.0,0.0,0.0,0.0,0.0,0.0,0.0,0.0,0.0,0.0,0.0,6,Heatmor,Fire
0.0,0.0,0.0,0.7736577841851604,0.0,0.0,0.0,0.0,0.0,0.0,0.0,0.0,0.6336036876231922,0.0,0.0,0.0,0.0,0.0,9,Heliolisk,Electric/Normal
0.0,0.0,0.0,0.7736577841851604,0.0,0.0,0.0,0.0,0.0,0.0,0.0,0.0,0.6336036876231922,0.0,0.0,0.0,0.0,0.0,9,Helioptile,Electric/Normal
0.6624912232467041,0.0,0.0,0.0,0.0,0.7490696757452444,0.0,0.0,0.0,0.0,0.0,0.0,0.0,0.0,0.0,0.0,0.0,0.0,8,Heracross,Bug/Fighting
0.0,0.0,0.0,0.0,0.0,0.0,0.0,0.0,0.0,0.0,0.0,0.0,1.0,0.0,0.0,0.0,0.0,0.0,13,Herdier,Normal
0.0,0.0,0.0,0.0,0.0,0.0,0.0,0.0,0.0,0.0,1.0,0.0,0.0,0.0,0.0,0.0,0.0,0.0,0,Hippopotas,Ground
0.0,0.0,0.0,0.0,0.0,0.0,0.0,0.0,0.0,0.0,1.0,0.0,0.0,0.0,0.0,0.0,0.0,0.0,0,Hippowdon,Ground
0.0,0.0,0.0,0.0,0.0,1.0,0.0,0.0,0.0,0.0,0.0,0.0,0.0,0.0,0.0,0.0,0.0,0.0,8,Hitmonchan,Fighting
0.0,0.0,0.0,0.0,0.0,1.0,0.0,0.0,0.0,0.0,0.0,0.0,0.0,0.0,0.0,0.0,0.0,0.0,8,Hitmonlee,Fighting
0.0,0.0,0.0,0.0,0.0,1.0,0.0,0.0,0.0,0.0,0.0,0.0,0.0,0.0,0.0,0.0,0.0,0.0,8,Hitmontop,Fighting
0.0,0.7756242377622017,0.0,0.0,0.0,0.0,0.0,0.6311949316936912,0.0,0.0,0.0,0.0,0.0,0.0,0.0,0.0,0.0,0.0,10,Honchkrow,Dark/Flying
0.0,0.0,0.0,0.0,0.0,0.0,0.0,0.0,0.7071067811865475,0.0,0.0,0.0,0.0,0.0,0.0,0.0,0.7071067811865475,0.0,14,Honedge,Ghost/Steel
0.0,0.0,0.0,0.0,0.0,0.0,0.7606800626743974,0.6491269846876456,0.0,0.0,0.0,0.0,0.0,0.0,0.0,0.0,0.0,0.0,6,Ho-Oh,Fire/Flying
0.0,0.0,0.0,0.0,0.0,0.0,0.0,0.0,0.7640004229324608,0.0,0.0,0.0,0.0,0.0,0.6452157420266658,0.0,0.0,0.0,14,Hoopa,Ghost/Psychic
0.0,0.7584618253771845,0.0,0.0,0.0,0.0,0.0,0.0,0.0,0.0,0.0,0.0,0.0,0.0,0.6517174690350944,0.0,0.0,0.0,10,Hoopa-Unbound,Dark/Psychic
0.0,0.0,0.0,0.0,0.0,0.0,0.0,0.7106898958139727,0.0,0.0,0.0,0.0,0.7035054171702766,0.0,0.0,0.0,0.0,0.0,2,Hoothoot,Flying/Normal
0.0,0.0,0.0,0.0,0.0,0.0,0.0,0.7058913256800289,0.0,0.7083201510120203,0.0,0.0,0.0,0.0,0.0,0.0,0.0,0.0,3,Hoppip,Flying/Grass
0.0,0.0,0.0,0.0,0.0,0.0,0.0,0.0,0.0,0.0,0.0,0.0,0.0,0.0,0.0,0.0,0.0,1.0,7,Horsea,Water
0.0,0.7236827062669364,0.0,0.0,0.0,0.0,0.6901328427557719,0.0,0.0,0.0,0.0,0.0,0.0,0.0,0.0,0.0,0.0,0.0,10,Houndoom,Dark/Fire
0.0,0.7236827062669364,0.0,0.0,0.0,0.0,0.6901328427557719,0.0,0.0,0.0,0.0,0.0,0.0,0.0,0.0,0.0,0.0,0.0,10,Houndour,Dark/Fire
0.0,0.0,0.0,0.0,0.0,0.0,0.0,0.0,0.0,0.0,0.0,0.0,0.0,0.0,0.0,0.0,0.0,1.0,7,Huntail,Water
0.0,0.694447260418393,0.7195436070853446,0.0,0.0,0.0,0.0,0.0,0.0,0.0,0.0,0.0,0.0,0.0,0.0,0.0,0.0,0.0,10,Hydreigon,Dark/Dragon
0.0,0.0,0.0,0.0,0.0,0.0,0.0,0.0,0.0,0.0,0.0,0.0,0.0,0.0,1.0,0.0,0.0,0.0,4,Hypno,Psychic
0.0,0.0,0.0,0.0,0.7990498155623471,0.0,0.0,0.0,0.0,0.0,0.0,0.0,0.6012648270519232,0.0,0.0,0.0,0.0,0.0,11,Igglybuff,Fairy/Normal
1.0,0.0,0.0,0.0,0.0,0.0,0.0,0.0,0.0,0.0,0.0,0.0,0.0,0.0,0.0,0.0,0.0,0.0,18,Illumise,Bug
0.0,0.7584618253771845,0.0,0.0,0.0,0.0,0.0,0.0,0.0,0.0,0.0,0.0,0.0,0.0,0.6517174690350944,0.0,0.0,0.0,10,Inkay,Dark/Psychic
0.0,0.0,0.0,0.0,0.0,0.0,0.0,0.0,0.0,0.6593984843694064,0.0,0.0,0.0,0.7517936145055567,0.0,0.0,0.0,0.0,17,Ivysaur,Grass/Poison
0.0,0.0,0.0,0.0,0.0,0.0,0.0,0.0,0.8050271533360117,0.0,0.0,0.0,0.0,0.0,0.0,0.0,0.0,0.593237964388421,14,Jellicent,Ghost/Water
0.0,0.0,0.0,0.0,0.7990498155623471,0.0,0.0,0.0,0.0,0.0,0.0,0.0,0.6012648270519232,0.0,0.0,0.0,0.0,0.0,11,Jigglypuff,Fairy/Normal
0.0,0.0,0.0,0.0,0.0,0.0,0.0,0.0,0.0,0.0,0.0,0.0,0.0,0.0,0.6452157420266658,0.0,0.7640004229324608,0.0,15,Jirachi,Psychic/Steel
0.0,0.0,0.0,1.0,0.0,0.0,0.0,0.0,0.0,0.0,0.0,0.0,0.0,0.0,0.0,0.0,0.0,0.0,9,Jolteon,Electric
0.6728327100360237,0.0,0.0,0.739794663609829,0.0,0.0,0.0,0.0,0.0,0.0,0.0,0.0,0.0,0.0,0.0,0.0,0.0,0.0,9,Joltik,Bug/Electric
0.0,0.0,0.0,0.0,0.0,0.0,0.0,0.7058913256800289,0.0,0.7083201510120203,0.0,0.0,0.0,0.0,0.0,0.0,0.0,0.0,3,Jumpluff,Flying/Grass
0.0,0.0,0.0,0.0,0.0,0.0,0.0,0.0,0.0,0.0,0.0,0.7757317370275092,0.0,0.0,0.6310628115871536,0.0,0.0,0.0,16,Jynx,Ice/Psychic
0.0,0.0,0.0,0.0,0.0,0.0,0.0,0.0,0.0,0.0,0.0,0.0,0.0,0.0,0.0,0.7846407605505287,0.0,0.6199507052037991,1,Kabuto,Rock/Water
0.0,0.0,0.0,0.0,0.0,0.0,0.0,0.0,0.0,0.0,0.0,0.0,0.0,0.0,0.0,0.7846407605505287,0.0,0.6199507052037991,1,Kabutops,Rock/Water
0.0,0.0,0.0,0.0,0.0,0.0,0.0,0.0,0.0,0.0,0.0,0.0,0.0,0.0,1.0,0.0,0.0,0.0,4,Kadabra,Psychic
0.6928643074195012,0.0,0.0,0.0,0.0,0.0,0.0,0.0,0.0,0.0,0.0,0.0,0.0,0.7210679936761131,0.0,0.0,0.0,0.0,5,Kakuna,Bug/Poison
0.0,0.0,0.0,0.0,0.0,0.0,0.0,0.0,0.0,0.0,0.0,0.0,1.0,0.0,0.0,0.0,0.0,0.0,13,Kangaskhan,Normal
1.0,0.0,0.0,0.0,0.0,0.0,0.0,0.0,0.0,0.0,0.0,0.0,0.0,0.0,0.0,0.0,0.0,0.0,18,Karrablast,Bug
0.0,0.0,0.0,0.0,0.0,0.0,0.0,0.0,0.0,0.0,0.0,0.0,1.0,0.0,0.0,0.0,0.0,0.0,13,Kecleon,Normal
0.0,0.0,0.0,0.0,0.0,0.8033618940277415,0.0,0.0,0.0,0.0,0.0,0.0,0.0,0.0,0.0,0.0,0.0,0.5954911143116745,8,Keldeo,Fighting/Water
0.0,0.0,0.8101386595056361,0.0,0.0,0.0,0.0,0.0,0.0,0.0,0.0,0.0,0.0,0.0,0.0,0.0,0.0,0.5862383068125204,12,Kingdra,Dragon/Water
0.0,0.0,0.0,0.0,0.0,0.0,0.0,0.0,0.0,0.0,0.0,0.0,0.0,0.0,0.0,0.0,0.0,1.0,7,Kingler,Water
0.0,0.0,0.0,0.0,0.7798653572425426,0.0,0.0,0.0,0.0,0.0,0.0,0.0,0.0,0.0,0.6259473017538788,0.0,0.0,0.0,11,Kirlia,Fairy/Psychic
0.0,0.0,0.0,0.0,0.0,0.0,0.0,0.0,0.0,0.0,0.0,0.0,0.0,0.0,0.0,0.0,1.0,0.0,15,Klang,Steel
0.0,0.0,0.0,0.0,0.724854352423969,0.0,0.0,0.0,0.0,0.0,0.0,0.0,0.0,0.0,0.0,0.0,0.6889021467320512,0.0,11,Klefki,Fairy/Steel
0.0,0.0,0.0,0.0,0.0,0.0,0.0,0.0,0.0,0.0,0.0,0.0,0.0,0.0,0.0,0.0,1.0,0.0,15,Klink,Steel
0.0,0.0,0.0,0.0,0.0,0.0,0.0,0.0,0.0,0.0,0.0,0.0,0.0,0.0,0.0,0.0,1.0,0.0,15,Klinklang,Steel
0.0,0.0,0.0,0.0,0.0,0.0,0.0,0.0,0.0,0.0,0.0,0.0,0.0,1.0,0.0,0.0,0.0,0.0,17,Koffing,Poison
0.0,0.0,0.0,0.0,0.0,0.0,0.0,0.0,0.0,0.0,0.0,0.0,0.0,0.0,0.0,0.0,0.0,1.0,7,Krabby,Water
1.0,0.0,0.0,0.0,0.0,0.0,0.0,0.0,0.0,0.0,0.0,0.0,0.0,0.0,0.0,0.0,0.0,0.0,18,Kricketot,Bug
1.0,0.0,0.0,0.0,0.0,0.0,0.0,0.0,0.0,0.0,0.0,0.0,0.0,0.0,0.0,0.0,0.0,0.0,18,Kricketune,Bug
0.0,0.7350242455647688,0.0,0.0,0.0,0.0,0.0,0.0,0.0,0.0,0.6780408235732879,0.0,0.0,0.0,0.0,0.0,0.0,0.0,10,Krokorok,Dark/Ground
0.0,0.7350242455647688,0.0,0.0,0.0,0.0,0.0,0.0,0.0,0.0,0.6780408235732879,0.0,0.0,0.0,0.0,0.0,0.0,0.0,10,Krookodile,Dark/Ground
0.0,0.0,0.0,0.0,0.0,0.0,0.0,0.0,0.0,0.0,0.0,0.0,0.0,0.0,0.0,0.0,0.0,1.0,7,Kyogre,Water
0.0,0.0,0.7002796753813785,0.0,0.0,0.0,0.0,0.0,0.0,0.0,0.0,0.7138685987265102,0.0,0.0,0.0,0.0,0.0,0.0,12,Kyurem,Dragon/Ice
0.0,0.0,0.7002796753813785,0.0,0.0,0.0,0.0,0.0,0.0,0.0,0.0,0.7138685987265102,0.0,0.0,0.0,0.0,0.0,0.0,12,Kyurem-Black,Dragon/Ice
0.0,0.0,0.7002796753813785,0.0,0.0,0.0,0.0,0.0,0.0,0.0,0.0,0.7138685987265102,0.0,0.0,0.0,0.0,0.0,0.0,12,Kyurem-White,Dragon/Ice
0.0,0.0,0.0,0.0,0.0,0.0,0.0,0.0,0.0,0.0,0.0,0.0,0.0,0.0,0.0,0.6820624016078831,0.7312939766693604,0.0,15,Lairon,Rock/Steel
0.0,0.0,0.0,0.0,0.0,0.0,0.683856424315583,0.0,0.7296166054321305,0.0,0.0,0.0,0.0,0.0,0.0,0.0,0.0,0.0,14,Lampent,Fire/Ghost
0.0,0.0,0.0,0.0,0.0,0.0,0.0,0.6615493541270359,0.0,0.0,0.7499016282514005,0.0,0.0,0.0,0.0,0.0,0.0,0.0,0,Landorus,Flying/Ground
0.0,0.0,0.0,0.0,0.0,0.0,0.0,0.6615493541270359,0.0,0.0,0.7499016282514005,0.0,0.0,0.0,0.0,0.0,0.0,0.0,0,Landorus-Therian,Flying/Ground
0.0,0.0,0.0,0.7952962362265661,0.0,0.0,0.0,0.0,0.0,0.0,0.0,0.0,0.0,0.0,0.0,0.0,0.0,0.606220996538274,9,Lanturn,Electric/Water
0.0,0.0,0.0,0.0,0.0,0.0,0.0,0.0,0.0,0.0,0.0,0.8154397800897367,0.0,0.0,0.0,0.0,0.0,0.5788419171476802,16,Lapras,Ice/Water
0.6841680453301205,0.0,0.0,0.0,0.0,0.0,0.729324403642962,0.0,0.0,0.0,0.0,0.0,0.0,0.0,0.0,0.0,0.0,0.0,6,Larvesta,Bug/Fire
0.0,0.0,0.0,0.0,0.0,0.0,0.0,0.0,0.0,0.0,0.6970307324475253,0.0,0.0,0.0,0.0,0.717041252665191,0.0,0.0,0,Larvitar,Ground/Rock
0.0,0.0,0.7697487700645952,0.0,0.0,0.0,0.0,0.0,0.0,0.0,0.0,0.0,0.0,0.0,0.6383469518874848,0.0,0.0,0.0,12,Latias,Dragon/Psychic
0.0,0.0,0.7697487700645952,0.0,0.0,0.0,0.0,0.0,0.0,0.0,0.0,0.0,0.0,0.0,0.6383469518874848,0.0,0.0,0.0,12,Latios,Dragon/Psychic
0.0,0.0,0.0,0.0,0.0,0.0,0.0,0.0,0.0,1.0,0.0,0.0,0.0,0.0,0.0,0.0,0.0,0.0,3,Leafeon,Grass
0.7385737084584781,0.0,0.0,0.0,0.0,0.0,0.0,0.0,0.0,0.674172735412736,0.0,0.0,0.0,0.0,0.0,0.0,0.0,0.0,18,Leavanny,Bug/Grass
0.7397254967239467,0.0,0.0,0.0,0.0,0.0,0.0,0.6729087527269284,0.0,0.0,0.0,0.0,0.0,0.0,0.0,0.0,0.0,0.0,18,Ledian,Bug/Flying
0.7397254967239467,0.0,0.0,0.0,0.0,0.0,0.0,0.6729087527269284,0.0,0.0,0.0,0.0,0.0,0.0,0.0,0.0,0.0,0.0,18,Ledyba,Bug/Flying
0.0,0.0,0.0,0.0,0.0,0.0,0.0,0.0,0.0,0.0,0.0,0.0,1.0,0.0,0.0,0.0,0.0,0.0,13,Lickilicky,Normal
0.0,0.0,0.0,0.0,0.0,0.0,0.0,0.0,0.0,0.0,0.0,0.0,1.0,0.0,0.0,0.0,0.0,0.0,13,Lickitung,Normal
0.0,1.0,0.0,0.0,0.0,0.0,0.0,0.0,0.0,0.0,0.0,0.0,0.0,0.0,0.0,0.0,0.0,0.0,10,Liepard,Dark
0.0,0.0,0.0,0.0,0.0,0.0,0.0,0.0,0.0,0.6522628159157297,0.0,0.0,0.0,0.0,0.0,0.7579928884717078,0.0,0.0,1,Lileep,Grass/Rock
0.0,0.0,0.0,0.0,0.0,0.0,0.0,0.0,0.0,1.0,0.0,0.0,0.0,0.0,0.0,0.0,0.0,0.0,3,Lilligant,Grass
0.0,0.0,0.0,0.0,0.0,0.0,0.0,0.0,0.0,0.0,0.0,0.0,1.0,0.0,0.0,0.0,0.0,0.0,13,Lillipup,Normal
0.0,0.0,0.0,0.0,0.0,0.0,0.0,0.0,0.0,0.0,0.0,0.0,1.0,0.0,0.0,0.0,0.0,0.0,13,Linoone,Normal
0.0,0.0,0.0,0.0,0.0,0.0,0.7639245599204283,0.0,0.0,0.0,0.0,0.0,0.6453055607620162,0.0,0.0,0.0,0.0,0.0,6,Litleo,Fire/Normal
0.0,0.0,0.0,0.0,0.0,0.0,0.683856424315583,0.0,0.7296166054321305,0.0,0.0,0.0,0.0,0.0,0.0,0.0,0.0,0.0,14,Litwick,Fire/Ghost
0.0,0.0,0.0,0.0,0.0,0.0,0.0,0.0,0.0,0.7365978787982717,0.0,0.0,0.0,0.0,0.0,0.0,0.0,0.6763309581483659,3,Lombre,Grass/Water
0.0,0.0,0.0,0.0,0.0,0.0,0.0,0.0,0.0,0.0,0.0,0.0,1.0,0.0,0.0,0.0,0.0,0.0,13,Lopunny,Normal
0.0,0.0,0.0,0.0,0.0,0.0,0.0,0.0,0.0,0.7365978787982717,0.0,0.0,0.0,0.0,0.0,0.0,0.0,0.6763309581483659,3,Lotad,Grass/Water
0.0,0.0,0.0,0.0,0.0,0.0,0.0,0.0,0.0,0.0,0.0,0.0,1.0,0.0,0.0,0.0,0.0,0.0,13,Loudred,Normal
0.0,0.0,0.0,0.0,0.0,0.7050313785830147,0.0,0.0,0.0,0.0,0.0,0.0,0.0,0.0,0.0,0.0,0.7091761101541239,0.0,8,Lucario,Fighting/Steel
0.0,0.0,0.0,0.0,0.0,0.0,0.0,0.0,0.0,0.7365978787982717,0.0,0.0,0.0,0.0,0.0,0.0,0.0,0.6763309581483659,3,Ludicolo,Grass/Water
0.0,0.0,0.0,0.0,0.0,0.0,0.0,0.6876341374660166,0.0,0.0,0.0,0.0,0.0,0.0,0.7260573620530042,0.0,0.0,0.0,4,Lugia,Flying/Psychic
0.0,0.0,0.0,0.0,0.0,0.0,0.0,0.0,0.0,0.0,0.0,0.0,0.0,0.0,0.0,0.0,0.0,1.0,7,Lumineon,Water
0.0,0.0,0.0,0.0,0.0,0.0,0.0,0.0,0.0,0.0,0.0,0.0,0.0,0.0,0.6712062948215519,0.7412706049695507,0.0,0.0,1,Lunatone,Psychic/Rock
0.0,0.0,0.0,0.0,0.0,0.0,0.0,0.0,0.0,0.0,0.0,0.0,0.0,0.0,0.0,0.0,0.0,1.0,7,Luvdisc,Water
0.0,0.0,0.0,1.0,0.0,0.0,0.0,0.0,0.0,0.0,0.0,0.0,0.0,0.0,0.0,0.0,0.0,0.0,9,Luxio,Electric
0.0,0.0,0.0,1.0,0.0,0.0,0.0,0.0,0.0,0.0,0.0,0.0,0.0,0.0,0.0,0.0,0.0,0.0,9,Luxray,Electric
0.0,0.0,0.0,0.0,0.0,1.0,0.0,0.0,0.0,0.0,0.0,0.0,0.0,0.0,0.0,0.0,0.0,0.0,8,Machamp,Fighting
0.0,0.0,0.0,0.0,0.0,1.0,0.0,0.0,0.0,0.0,0.0,0.0,0.0,0.0,0.0,0.0,0.0,0.0,8,Machoke,Fighting
0.0,0.0,0.0,0.0,0.0,1.0,0.0,0.0,0.0,0.0,0.0,0.0,0.0,0.0,0.0,0.0,0.0,0.0,8,Machop,Fighting
0.0,0.0,0.0,0.0,0.0,0.0,1.0,0.0,0.0,0.0,0.0,0.0,0.0,0.0,0.0,0.0,0.0,0.0,6,Magby,Fire
0.0,0.0,0.0,0.0,0.0,0.0,0.7088452355273342,0.0,0.0,0.0,0.0,0.0,0.0,0.0,0.0,0.7053640422293994,0.0,0.0,1,Magcargo,Fire/Rock
0.0,0.0,0.0,0.0,0.0,0.0,0.0,0.0,0.0,0.0,0.0,0.0,0.0,0.0,0.0,0.0,0.0,1.0,7,Magikarp,Water
0.0,0.0,0.0,0.0,0.0,0.0,1.0,0.0,0.0,0.0,0.0,0.0,0.0,0.0,0.0,0.0,0.0,0.0,6,Magmar,Fire
0.0,0.0,0.0,0.0,0.0,0.0,1.0,0.0,0.0,0.0,0.0,0.0,0.0,0.0,0.0,0.0,0.0,0.0,6,Magmortar,Fire
0.0,0.0,0.0,0.6950548706090629,0.0,0.0,0.0,0.0,0.0,0.0,0.0,0.0,0.0,0.0,0.0,0.0,0.718956693301216,0.0,9,Magnemite,Electric/Steel
0.0,0.0,0.0,0.6950548706090629,0.0,0.0,0.0,0.0,0.0,0.0,0.0,0.0,0.0,0.0,0.0,0.0,0.718956693301216,0.0,9,Magneton,Electric/Steel
0.0,0.0,0.0,0.6950548706090629,0.0,0.0,0.0,0.0,0.0,0.0,0.0,0.0,0.0,0.0,0.0,0.0,0.718956693301216,0.0,9,Magnezone,Electric/Steel
0.0,0.0,0.0,0.0,0.0,1.0,0.0,0.0,0.0,0.0,0.0,0.0,0.0,0.0,0.0,0.0,0.0,0.0,8,Makuhita,Fighting
0.0,0.7584618253771845,0.0,0.0,0.0,0.0,0.0,0.0,0.0,0.0,0.0,0.0,0.0,0.0,0.6517174690350944,0.0,0.0,0.0,10,Malamar,Dark/Psychic
0.0,0.0,0.0,0.0,0.0,0.0,0.0,0.0,0.0,0.0,0.6578015223528555,0.753191315131996,0.0,0.0,0.0,0.0,0.0,0.0,16,Mamoswine,Ground/Ice
0.0,0.0,0.0,0.0,0.0,0.0,0.0,0.0,0.0,0.0,0.0,0.0,0.0,0.0,0.0,0.0,0.0,1.0,7,Manaphy,Water
0.0,0.7756242377622017,0.0,0.0,0.0,0.0,0.0,0.6311949316936912,0.0,0.0,0.0,0.0,0.0,0.0,0.0,0.0,0.0,0.0,10,Mandibuzz,Dark/Flying
0.0,0.0,0.0,1.0,0.0,0.0,0.0,0.0,0.0,0.0,0.0,0.0,0.0,0.0,0.0,0.0,0.0,0.0,9,Manectric,Electric
0.0,0.0,0.0,0.0,0.0,1.0,0.0,0.0,0.0,0.0,0.0,0.0,0.0,0.0,0.0,0.0,0.0,0.0,8,Mankey,Fighting
0.0,0.0,0.0,0.0,0.0,0.0,0.0,0.735439292556123,0.0,0.0,0.0,0.0,0.0,0.0,0.0,0.0,0.0,0.6775906190057159,7,Mantine,Flying/Water
0.0,0.0,0.0,0.0,0.0,0.0,0.0,0.735439292556123,0.0,0.0,0.0,0.0,0.0,0.0,0.0,0.0,0.0,0.6775906190057159,7,Mantyke,Flying/Water
0.0,0.0,0.0,0.0,0.0,0.0,0.0,0.0,0.0,1.0,0.0,0.0,0.0,0.0,0.0,0.0,0.0,0.0,3,Maractus,Grass
0.0,0.0,0.0,1.0,0.0,0.0,0.0,0.0,0.0,0.0,0.0,0.0,0.0,0.0,0.0,0.0,0.0,0.0,9,Mareep,Electric
0.0,0.0,0.0,0.0,0.8190909697197392,0.0,0.0,0.0,0.0,0.0,0.0,0.0,0.0,0.0,0.0,0.0,0.0,0.5736636499932494,11,Marill,Fairy/Water
0.0,0.0,0.0,0.0,0.0,0.0,0.0,0.0,0.0,0.0,1.0,0.0,0.0,0.0,0.0,0.0,0.0,0.0,0,Marowak,Ground
0.0,0.0,0.0,0.0,0.0,0.0,0.0,0.0,0.0,0.0,0.776003739018597,0.0,0.0,0.0,0.0,0.0,0.0,0.6307283068240694,0,Marshtomp,Ground/Water
0.7397254967239467,0.0,0.0,0.0,0.0,0.0,0.0,0.6729087527269284,0.0,0.0,0.0,0.0,0.0,0.0,0.0,0.0,0.0,0.0,18,Masquerain,Bug/Flying
0.0,0.0,0.0,0.0,0.724854352423969,0.0,0.0,0.0,0.0,0.0,0.0,0.0,0.0,0.0,0.0,0.0,0.6889021467320512,0.0,11,Mawile,Fairy/Steel
0.0,0.0,0.0,0.0,0.0,0.7621320190987213,0.0,0.0,0.0,0.0,0.0,0.0,0.0,0.0,0.6474216442663207,0.0,0.0,0.0,8,Medicham,Fighting/Psychic
0.0,0.0,0.0,0.0,0.0,0.7621320190987213,0.0,0.0,0.0,0.0,0.0,0.0,0.0,0.0,0.6474216442663207,0.0,0.0,0.0,8,Meditite,Fighting/Psychic
0.0,0.0,0.0,0.0,0.0,0.0,0.0,0.0,0.0,1.0,0.0,0.0,0.0,0.0,0.0,0.0,0.0,0.0,3,Meganium,Grass
0.0,0.0,0.0,0.0,0.0,0.0,0.0,0.0,0.0,0.0,0.0,0.0,0.6839432445900107,0.0,0.7295352206574326,0.0,0.0,0.0,4,Meloetta,Normal/Psychic
0.0,0.0,0.0,0.0,0.0,0.0,0.0,0.0,0.0,0.0,0.0,0.0,0.0,0.0,1.0,0.0,0.0,0.0,4,Meowstic-F,Psychic
0.0,0.0,0.0,0.0,0.0,0.0,0.0,0.0,0.0,0.0,0.0,0.0,0.0,0.0,1.0,0.0,0.0,0.0,4,Meowstic-M,Psychic
0.0,0.0,0.0,0.0,0.0,0.0,0.0,0.0,0.0,0.0,0.0,0.0,1.0,0.0,0.0,0.0,0.0,0.0,13,Meowth,Normal
0.0,0.0,0.0,0.0,0.0,0.0,0.0,0.0,0.0,0.0,0.0,0.0,0.0,0.0,0.6452157420266658,0.0,0.7640004229324608,0.0,15,Metagross,Psychic/Steel
0.0,0.0,0.0,0.0,0.0,0.0,0.0,0.0,0.0,0.0,0.0,0.0,0.0,0.0,0.6452157420266658,0.0,0.7640004229324608,0.0,15,Metang,Psychic/Steel
1.0,0.0,0.0,0.0,0.0,0.0,0.0,0.0,0.0,0.0,0.0,0.0,0.0,0.0,0.0,0.0,0.0,0.0,18,Metapod,Bug
0.0,0.0,0.0,0.0,0.0,0.0,0.0,0.0,0.0,0.0,0.0,0.0,0.0,0.0,1.0,0.0,0.0,0.0,4,Mew,Psychic
0.0,0.0,0.0,0.0,0.0,0.0,0.0,0.0,0.0,0.0,0.0,0.0,0.0,0.0,1.0,0.0,0.0,0.0,4,Mewtwo,Psychic
0.0,0.0,0.0,0.0,0.0,1.0,0.0,0.0,0.0,0.0,0.0,0.0,0.0,0.0,0.0,0.0,0.0,0.0,8,Mienfoo,Fighting
0.0,0.0,0.0,0.0,0.0,1.0,0.0,0.0,0.0,0.0,0.0,0.0,0.0,0.0,0.0,0.0,0.0,0.0,8,Mienshao,Fighting
0.0,1.0,0.0,0.0,0.0,0.0,0.0,0.0,0.0,0.0,0.0,0.0,0.0,0.0,0.0,0.0,0.0,0.0,10,Mightyena,Dark
0.0,0.0,0.0,0.0,0.0,0.0,0.0,0.0,0.0,0.0,0.0,0.0,0.0,0.0,0.0,0.0,0.0,1.0,7,Milotic,Water
0.0,0.0,0.0,0.0,0.0,0.0,0.0,0.0,0.0,0.0,0.0,0.0,1.0,0.0,0.0,0.0,0.0,0.0,13,Miltank,Normal
0.0,0.0,0.0,0.0,0.7798653572425426,0.0,0.0,0.0,0.0,0.0,0.0,0.0,0.0,0.0,0.6259473017538788,0.0,0.0,0.0,11,Mime Jr.,Fairy/Psychic
0.0,0.0,0.0,0.0,0.0,0.0,0.0,0.0,0.0,0.0,0.0,0.0,1.0,0.0,0.0,0.0,0.0,0.0,13,Minccino,Normal
0.0,0.0,0.0,1.0,0.0,0.0,0.0,0.0,0.0,0.0,0.0,0.0,0.0,0.0,0.0,0.0,0.0,0.0,9,Minun,Electric
0.0,0.0,0.0,0.0,0.0,0.0,0.0,0.0,1.0,0.0,0.0,0.0,0.0,0.0,0.0,0.0,0.0,0.0,14,Misdreavus,Ghost
0.0,0.0,0.0,0.0,0.0,0.0,0.0,0.0,1.0,0.0,0.0,0.0,0.0,0.0,0.0,0.0,0.0,0.0,14,Mismagius,Ghost
0.0,0.0,0.0,0.0,0.0,0.0,0.7606800626743974,0.6491269846876456,0.0,0.0,0.0,0.0,0.0,0.0,0.0,0.0,0.0,0.0,6,Moltres,Fire/Flying
0.0,0.0,0.0,0.0,0.0,0.7276130770726051,0.6859877623346754,0.0,0.0,0.0,0.0,0.0,0.0,0.0,0.0,0.0,0.0,0.0,8,Monferno,Fighting/Fire
0.7397254967239467,0.0,0.0,0.0,0.0,0.0,0.0,0.6729087527269284,0.0,0.0,0.0,0.0,0.0,0.0,0.0,0.0,0.0,0.0,18,Mothim,Bug/Flying
0.0,0.0,0.0,0.0,0.7798653572425426,0.0,0.0,0.0,0.0,0.0,0.0,0.0,0.0,0.0,0.6259473017538788,0.0,0.0,0.0,11,Mr. Mime,Fairy/Psychic
0.0,0.0,0.0,0.0,0.0,0.0,0.0,0.0,0.0,0.0,0.0,0.0,0.0,0.0,0.0,0.0,0.0,1.0,7,Mudkip,Water
0.0,0.0,0.0,0.0,0.0,0.0,0.0,0.0,0.0,0.0,0.0,0.0,0.0,1.0,0.0,0.0,0.0,0.0,17,Muk,Poison
0.0,0.0,0.0,0.0,0.0,0.0,0.0,0.0,0.0,0.0,0.0,0.0,1.0,0.0,0.0,0.0,0.0,0.0,13,Munchlax,Normal
0.0,0.0,0.0,0.0,0.0,0.0,0.0,0.0,0.0,0.0,0.0,0.0,0.0,0.0,1.0,0.0,0.0,0.0,4,Munna,Psychic
0.0,0.7756242377622017,0.0,0.0,0.0,0.0,0.0,0.6311949316936912,0.0,0.0,0.0,0.0,0.0,0.0,0.0,0.0,0.0,0.0,10,Murkrow,Dark/Flying
0.0,0.0,0.0,0.0,0.0,0.0,0.0,0.0,0.0,0.0,0.0,0.0,0.0,0.0,1.0,0.0,0.0,0.0,4,Musharna,Psychic
0.0,0.0,0.0,0.0,0.0,0.0,0.0,0.6876341374660166,0.0,0.0,0.0,0.0,0.0,0.0,0.7260573620530042,0.0,0.0,0.0,4,Natu,Flying/Psychic
0.0,0.0,0.0,0.0,0.0,0.0,0.0,0.0,0.0,0.0,0.7038426721928471,0.0,0.0,0.7103558916489907,0.0,0.0,0.0,0.0,17,Nidoking,Ground/Poison
0.0,0.0,0.0,0.0,0.0,0.0,0.0,0.0,0.0,0.0,0.7038426721928471,0.0,0.0,0.7103558916489907,0.0,0.0,0.0,0.0,17,Nidoqueen,Ground/Poison
0.0,0.0,0.0,0.0,0.0,0.0,0.0,0.0,0.0,0.0,0.0,0.0,0.0,1.0,0.0,0.0,0.0,0.0,17,Nidoran-F,Poison
0.0,0.0,0.0,0.0,0.0,0.0,0.0,0.0,0.0,0.0,0.0,0.0,0.0,1.0,0.0,0.0,0.0,0.0,17,Nidoran-M,Poison
0.0,0.0,0.0,0.0,0.0,0.0,0.0,0.0,0.0,0.0,0.0,0.0,0.0,1.0,0.0,0.0,0.0,0.0,17,Nidorina,Poison
0.0,0.0,0.0,0.0,0.0,0.0,0.0,0.0,0.0,0.0,0.0,0.0,0.0,1.0,0.0,0.0,0.0,0.0,17,Nidorino,Poison
0.6961758448521477,0.0,0.0,0.0,0.0,0.0,0.0,0.0,0.0,0.0,0.7178712928125753,0.0,0.0,0.0,0.0,0.0,0.0,0.0,0,Nincada,Bug/Ground
0.0,0.0,0.0,0.0,0.0,0.0,1.0,0.0,0.0,0.0,0.0,0.0,0.0,0.0,0.0,0.0,0.0,0.0,6,Ninetales,Fire
0.7397254967239467,0.0,0.0,0.0,0.0,0.0,0.0,0.6729087527269284,0.0,0.0,0.0,0.0,0.0,0.0,0.0,0.0,0.0,0.0,18,Ninjask,Bug/Flying
0.0,0.0,0.0,0.0,0.0,0.0,0.0,0.7106898958139727,0.0,0.0,0.0,0.0,0.7035054171702766,0.0,0.0,0.0,0.0,0.0,2,Noctowl,Flying/Normal
0.0,0.0,0.7864360606072077,0.0,0.0,0.0,0.0,0.6176716948157948,0.0,0.0,0.0,0.0,0.0,0.0,0.0,0.0,0.0,0.0,12,Noibat,Dragon/Flying
0.0,0.0,0.7864360606072077,0.0,0.0,0.0,0.0,0.6176716948157948,0.0,0.0,0.0,0.0,0.0,0.0,0.0,0.0,0.0,0.0,12,Noivern,Dragon/Flying
0.0,0.0,0.0,0.0,0.0,0.0,0.0,0.0,0.0,0.0,0.0,0.0,0.0,0.0,0.0,1.0,0.0,0.0,1,Nosepass,Rock
0.0,0.0,0.0,0.0,0.0,0.0,0.7187540695058159,0.0,0.0,0.0,0.6952644011948468,0.0,0.0,0.0,0.0,0.0,0.0,0.0,0,Numel,Fire/Ground
0.0,0.7745613438948389,0.0,0.0,0.0,0.0,0.0,0.0,0.0,0.6324987941046377,0.0,0.0,0.0,0.0,0.0,0.0,0.0,0.0,10,Nuzleaf,Dark/Grass
0.0,0.0,0.0,0.0,0.0,0.0,0.0,0.0,0.0,0.0,0.0,0.0,0.0,0.0,0.0,0.0,0.0,1.0,7,Octillery,Water
0.0,0.0,0.0,0.0,0.0,0.0,0.0,0.0,0.0,0.6593984843694064,0.0,0.0,0.0,0.7517936145055567,0.0,0.0,0.0,0.0,17,Oddish,Grass/Poison
0.0,0.0,0.0,0.0,0.0,0.0,0.0,0.0,0.0,0.0,0.0,0.0,0.0,0.0,0.0,0.7846407605505287,0.0,0.6199507052037991,1,Omanyte,Rock/Water
0.0,0.0,0.0,0.0,0.0,0.0,0.0,0.0,0.0,0.0,0.0,0.0,0.0,0.0,0.0,0.7846407605505287,0.0,0.6199507052037991,1,Omastar,Rock/Water
0.0,0.0,0.0,0.0,0.0,0.0,0.0,0.0,0.0,0.0,0.6970307324475253,0.0,0.0,0.0,0.0,0.717041252665191,0.0,0.0,0,Onix,Ground/Rock
0.0,0.0,0.0,0.0,0.0,0.0,0.0,0.0,0.0,0.0,0.0,0.0,0.0,0.0,0.0,0.0,0.0,1.0,7,Oshawott,Water
0.0,0.0,0.0,1.0,0.0,0.0,0.0,0.0,0.0,0.0,0.0,0.0,0.0,0.0,0.0,0.0,0.0,0.0,9,Pachirisu,Electric
0.0,0.0,0.8101386595056361,0.0,0.0,0.0,0.0,0.0,0.0,0.0,0.0,0.0,0.0,0.0,0.0,0.0,0.0,0.5862383068125204,12,Palkia,Dragon/Water
0.0,0.0,0.0,0.0,0.0,0.0,0.0,0.0,0.0,0.0,0.776003739018597,0.0,0.0,0.0,0.0,0.0,0.0,0.6307283068240694,0,Palpitoad,Ground/Water
0.0,0.0,0.0,0.0,0.0,1.0,0.0,0.0,0.0,0.0,0.0,0.0,0.0,0.0,0.0,0.0,0.0,0.0,8,Pancham,Fighting
0.0,0.7030504280218595,0.0,0.0,0.0,0.711139997228591,0.0,0.0,0.0,0.0,0.0,0.0,0.0,0.0,0.0,0.0,0.0,0.0,8,Pangoro,Dark/Fighting
0.0,0.0,0.0,0.0,0.0,0.0,0.0,0.0,0.0,0.0,0.0,0.0,0.0,0.0,0.0,0.0,0.0,1.0,7,Panpour,Water
0.0,0.0,0.0,0.0,0.0,0.0,0.0,0.0,0.0,1.0,0.0,0.0,0.0,0.0,0.0,0.0,0.0,0.0,3,Pansage,Grass
0.0,0.0,0.0,0.0,0.0,0.0,1.0,0.0,0.0,0.0,0.0,0.0,0.0,0.0,0.0,0.0,0.0,0.0,6,Pansear,Fire
0.7385737084584781,0.0,0.0,0.0,0.0,0.0,0.0,0.0,0.0,0.674172735412736,0.0,0.0,0.0,0.0,0.0,0.0,0.0,0.0,18,Paras,Bug/Grass
0.7385737084584781,0.0,0.0,0.0,0.0,0.0,0.0,0.0,0.0,0.674172735412736,0.0,0.0,0.0,0.0,0.0,0.0,0.0,0.0,18,Parasect,Bug/Grass
0.0,0.0,0.0,0.0,0.0,0.0,0.0,0.0,0.0,0.0,0.0,0.0,1.0,0.0,0.0,0.0,0.0,0.0,13,Patrat,Normal
0.0,0.7009634292799244,0.0,0.0,0.0,0.0,0.0,0.0,0.0,0.0,0.0,0.0,0.0,0.0,0.0,0.0,0.7131972173334166,0.0,10,Pawniard,Dark/Steel
0.0,0.0,0.0,0.0,0.0,0.0,0.0,0.735439292556123,0.0,0.0,0.0,0.0,0.0,0.0,0.0,0.0,0.0,0.6775906190057159,7,Pelipper,Flying/Water
0.0,0.0,0.0,0.0,0.0,0.0,0.0,0.0,0.0,0.0,0.0,0.0,1.0,0.0,0.0,0.0,0.0,0.0,13,Persian,Normal
0.0,0.0,0.0,0.0,0.0,0.0,0.0,0.0,0.0,1.0,0.0,0.0,0.0,0.0,0.0,0.0,0.0,0.0,3,Petilil,Grass
0.0,0.0,0.0,0.0,0.0,0.0,0.0,0.0,0.0,0.0,1.0,0.0,0.0,0.0,0.0,0.0,0.0,0.0,0,Phanpy,Ground
0.0,0.0,0.0,0.0,0.0,0.0,0.0,0.0,0.7798854363230835,0.6259222844819904,0.0,0.0,0.0,0.0,0.0,0.0,0.0,0.0,14,Phantump,Ghost/Grass
0.0,0.0,0.0,0.0,0.0,0.0,0.0,0.0,0.0,0.0,0.0,0.0,0.0,0.0,0.0,0.0,0.0,1.0,7,Phione,Water
0.0,0.0,0.0,1.0,0.0,0.0,0.0,0.0,0.0,0.0,0.0,0.0,0.0,0.0,0.0,0.0,0.0,0.0,9,Pichu,Electric
0.0,0.0,0.0,0.0,0.0,0.0,0.0,0.7106898958139727,0.0,0.0,0.0,0.0,0.7035054171702766,0.0,0.0,0.0,0.0,0.0,2,Pidgeot,Flying/Normal
0.0,0.0,0.0,0.0,0.0,0.0,0.0,0.7106898958139727,0.0,0.0,0.0,0.0,0.7035054171702766,0.0,0.0,0.0,0.0,0.0,2,Pidgeotto,Flying/Normal
0.0,0.0,0.0,0.0,0.0,0.0,0.0,0.7106898958139727,0.0,0.0,0.0,0.0,0.7035054171702766,0.0,0.0,0.0,0.0,0.0,2,Pidgey,Flying/Normal
0.0,0.0,0.0,0.0,0.0,0.0,0.0,0.7106898958139727,0.0,0.0,0.0,0.0,0.7035054171702766,0.0,0.0,0.0,0.0,0.0,2,Pidove,Flying/Normal
0.0,0.0,0.0,0.0,0.0,0.7276130770726051,0.6859877623346754,0.0,0.0,0.0,0.0,0.0,0.0,0.0,0.0,0.0,0.0,0.0,8,Pignite,Fighting/Fire
0.0,0.0,0.0,1.0,0.0,0.0,0.0,0.0,0.0,0.0,0.0,0.0,0.0,0.0,0.0,0.0,0.0,0.0,9,Pikachu,Electric
0.0,0.0,0.0,0.0,0.0,0.0,0.0,0.0,0.0,0.0,0.6578015223528555,0.753191315131996,0.0,0.0,0.0,0.0,0.0,0.0,16,Piloswine,Ground/Ice
1.0,0.0,0.0,0.0,0.0,0.0,0.0,0.0,0.0,0.0,0.0,0.0,0.0,0.0,0.0,0.0,0.0,0.0,18,Pineco,Bug
1.0,0.0,0.0,0.0,0.0,0.0,0.0,0.0,0.0,0.0,0.0,0.0,0.0,0.0,0.0,0.0,0.0,0.0,18,Pinsir,Bug
0.0,0.0,0.0,0.0,0.0,0.0,0.0,0.0,0.0,0.0,0.0,0.0,0.0,0.0,0.0,0.0,0.0,1.0,7,Piplup,Water
0.0,0.0,0.0,1.0,0.0,0.0,0.0,0.0,0.0,0.0,0.0,0.0,0.0,0.0,0.0,0.0,0.0,0.0,9,Plusle,Electric
0.0,0.0,0.0,0.0,0.0,0.0,0.0,0.0,0.0,0.0,0.0,0.0,0.0,0.0,0.0,0.0,0.0,1.0,7,Politoed,Water
0.0,0.0,0.0,0.0,0.0,0.0,0.0,0.0,0.0,0.0,0.0,0.0,0.0,0.0,0.0,0.0,0.0,1.0,7,Poliwag,Water
0.0,0.0,0.0,0.0,0.0,0.0,0.0,0.0,0.0,0.0,0.0,0.0,0.0,0.0,0.0,0.0,0.0,1.0,7,Poliwhirl,Water
0.0,0.0,0.0,0.0,0.0,0.8033618940277415,0.0,0.0,0.0,0.0,0.0,0.0,0.0,0.0,0.0,0.0,0.0,0.5954911143116745,8,Poliwrath,Fighting/Water
0.0,0.0,0.0,0.0,0.0,0.0,1.0,0.0,0.0,0.0,0.0,0.0,0.0,0.0,0.0,0.0,0.0,0.0,6,Ponyta,Fire
0.0,1.0,0.0,0.0,0.0,0.0,0.0,0.0,0.0,0.0,0.0,0.0,0.0,0.0,0.0,0.0,0.0,0.0,10,Poochyena,Dark
0.0,0.0,0.0,0.0,0.0,0.0,0.0,0.0,0.0,0.0,0.0,0.0,1.0,0.0,0.0,0.0,0.0,0.0,13,Porygon,Normal
0.0,0.0,0.0,0.0,0.0,0.0,0.0,0.0,0.0,0.0,0.0,0.0,1.0,0.0,0.0,0.0,0.0,0.0,13,Porygon2,Normal
0.0,0.0,0.0,0.0,0.0,0.0,0.0,0.0,0.0,0.0,0.0,0.0,1.0,0.0,0.0,0.0,0.0,0.0,13,Porygon-Z,Normal
0.0,0.0,0.0,0.0,0.0,1.0,0.0,0.0,0.0,0.0,0.0,0.0,0.0,0.0,0.0,0.0,0.0,0.0,8,Primeape,Fighting
0.0,0.0,0.0,0.0,0.0,0.0,0.0,0.0,0.0,0.0,0.0,0.0,0.0,0.0,0.0,0.0,0.0,1.0,7,Prinplup,Water
0.0,0.0,0.0,0.0,0.0,0.0,0.0,0.0,0.0,0.0,0.0,0.0,0.0,0.0,0.0,0.6820624016078831,0.7312939766693604,0.0,15,Probopass,Rock/Steel
0.0,0.0,0.0,0.0,0.0,0.0,0.0,0.0,0.0,0.0,0.0,0.0,0.0,0.0,0.0,0.0,0.0,1.0,7,Psyduck,Water
0.0,0.0,0.0,0.0,0.0,0.0,0.0,0.0,0.7798854363230835,0.6259222844819904,0.0,0.0,0.0,0.0,0.0,0.0,0.0,0.0,14,Pumpkaboo,Ghost/Grass
0.0,0.0,0.0,0.0,0.0,0.0,0.0,0.0,0.7798854363230835,0.6259222844819904,0.0,0.0,0.0,0.0,0.0,0.0,0.0,0.0,14,Pumpkaboo-Large,Ghost/Grass
0.0,0.0,0.0,0.0,0.0,0.0,0.0,0.0,0.7798854363230835,0.6259222844819904,0.0,0.0,0.0,0.0,0.0,0.0,0.0,0.0,14,Pumpkaboo-Small,Ghost/Grass
0.0,0.0,0.0,0.0,0.0,0.0,0.0,0.0,0.7798854363230835,0.6259222844819904,0.0,0.0,0.0,0.0,0.0,0.0,0.0,0.0,14,Pumpkaboo-Super,Ghost/Grass
0.0,0.0,0.0,0.0,0.0,0.0,0.0,0.0,0.0,0.0,0.6970307324475253,0.0,0.0,0.0,0.0,0.717041252665191,0.0,0.0,0,Pupitar,Ground/Rock
0.0,1.0,0.0,0.0,0.0,0.0,0.0,0.0,0.0,0.0,0.0,0.0,0.0,0.0,0.0,0.0,0.0,0.0,10,Purrloin,Dark
0.0,0.0,0.0,0.0,0.0,0.0,0.0,0.0,0.0,0.0,0.0,0.0,1.0,0.0,0.0,0.0,0.0,0.0,13,Purugly,Normal
0.0,0.0,0.0,0.0,0.0,0.0,0.7639245599204283,0.0,0.0,0.0,0.0,0.0,0.6453055607620162,0.0,0.0,0.0,0.0,0.0,6,Pyroar,Fire/Normal
0.0,0.0,0.0,0.0,0.0,0.0,0.0,0.0,0.0,0.0,0.776003739018597,0.0,0.0,0.0,0.0,0.0,0.0,0.6307283068240694,0,Quagsire,Ground/Water
0.0,0.0,0.0,0.0,0.0,0.0,1.0,0.0,0.0,0.0,0.0,0.0,0.0,0.0,0.0,0.0,0.0,0.0,6,Quilava,Fire
0.0,0.0,0.0,0.0,0.0,0.0,0.0,0.0,0.0,1.0,0.0,0.0,0.0,0.0,0.0,0.0,0.0,0.0,3,Quilladin,Grass
0.0,0.0,0.0,0.0,0.0,0.0,0.0,0.0,0.0,0.0,0.0,0.0,0.0,0.7788367339097876,0.0,0.0,0.0,0.6272267069511108,17,Qwilfish,Poison/Water
0.0,0.0,0.0,1.0,0.0,0.0,0.0,0.0,0.0,0.0,0.0,0.0,0.0,0.0,0.0,0.0,0.0,0.0,9,Raichu,Electric
0.0,0.0,0.0,1.0,0.0,0.0,0.0,0.0,0.0,0.0,0.0,0.0,0.0,0.0,0.0,0.0,0.0,0.0,9,Raikou,Electric
0.0,0.0,0.0,0.0,0.7798653572425426,0.0,0.0,0.0,0.0,0.0,0.0,0.0,0.0,0.0,0.6259473017538788,0.0,0.0,0.0,11,Ralts,Fairy/Psychic
0.0,0.0,0.0,0.0,0.0,0.0,0.0,0.0,0.0,0.0,0.0,0.0,0.0,0.0,0.0,1.0,0.0,0.0,1,Rampardos,Rock
0.0,0.0,0.0,0.0,0.0,0.0,1.0,0.0,0.0,0.0,0.0,0.0,0.0,0.0,0.0,0.0,0.0,0.0,6,Rapidash,Fire
0.0,0.0,0.0,0.0,0.0,0.0,0.0,0.0,0.0,0.0,0.0,0.0,1.0,0.0,0.0,0.0,0.0,0.0,13,Raticate,Normal
0.0,0.0,0.0,0.0,0.0,0.0,0.0,0.0,0.0,0.0,0.0,0.0,1.0,0.0,0.0,0.0,0.0,0.0,13,Rattata,Normal
0.0,0.0,0.0,0.0,0.0,0.0,0.0,0.0,0.0,0.0,0.0,1.0,0.0,0.0,0.0,0.0,0.0,0.0,16,Regice,Ice
0.0,0.0,0.0,0.0,0.0,0.0,0.0,0.0,0.0,0.0,0.0,0.0,1.0,0.0,0.0,0.0,0.0,0.0,13,Regigigas,Normal
0.0,0.0,0.0,0.0,0.0,0.0,0.0,0.0,0.0,0.0,0.0,0.0,0.0,0.0,0.0,1.0,0.0,0.0,1,Regirock,Rock
0.0,0.0,0.0,0.0,0.0,0.0,0.0,0.0,0.0,0.0,0.0,0.0,0.0,0.0,0.0,0.0,1.0,0.0,15,Registeel,Steel
0.0,0.0,0.0,0.0,0.0,0.0,0.0,0.0,0.0,0.0,0.0,0.0,0.0,0.0,0.0,0.7846407605505287,0.0,0.6199507052037991,1,Relicanth,Rock/Water
0.0,0.0,0.0,0.0,0.0,0.0,0.0,0.0,0.0,0.0,0.0,0.0,0.0,0.0,0.0,0.0,0.0,1.0,7,Remoraid,Water
0.0,0.0,0.7357920857311075,0.0,0.0,0.0,0.6772075062899601,0.0,0.0,0.0,0.0,0.0,0.0,0.0,0.0,0.0,0.0,0.0,12,Reshiram,Dragon/Fire
0.0,0.0,0.0,0.0,0.0,0.0,0.0,0.0,0.0,0.0,0.0,0.0,0.0,0.0,1.0,0.0,0.0,0.0,4,Reuniclus,Psychic
0.0,0.0,0.0,0.0,0.0,0.0,0.0,0.0,0.0,0.0,0.6970307324475253,0.0,0.0,0.0,0.0,0.717041252665191,0.0,0.0,0,Rhydon,Ground/Rock
0.0,0.0,0.0,0.0,0.0,0.0,0.0,0.0,0.0,0.0,0.6970307324475253,0.0,0.0,0.0,0.0,0.717041252665191,0.0,0.0,0,Rhyhorn,Ground/Rock
0.0,0.0,0.0,0.0,0.0,0.0,0.0,0.0,0.0,0.0,0.6970307324475253,0.0,0.0,0.0,0.0,0.717041252665191,0.0,0.0,0,Rhyperior,Ground/Rock
0.0,0.0,0.0,0.0,0.0,1.0,0.0,0.0,0.0,0.0,0.0,0.0,0.0,0.0,0.0,0.0,0.0,0.0,8,Riolu,Fighting
0.0,0.0,0.0,0.0,0.0,0.0,0.0,0.0,0.0,0.0,0.0,0.0,0.0,0.0,0.0,1.0,0.0,0.0,1,Roggenrola,Rock
0.0,0.0,0.0,0.0,0.0,0.0,0.0,0.0,0.0,0.6593984843694064,0.0,0.0,0.0,0.7517936145055567,0.0,0.0,0.0,0.0,17,Roselia,Grass/Poison
0.0,0.0,0.0,0.0,0.0,0.0,0.0,0.0,0.0,0.6593984843694064,0.0,0.0,0.0,0.7517936145055567,0.0,0.0,0.0,0.0,17,Roserade,Grass/Poison
0.0,0.0,0.0,0.6950548706090629,0.0,0.0,0.0,0.0,0.718956693301216,0.0,0.0,0.0,0.0,0.0,0.0,0.0,0.0,0.0,14,Rotom,Electric/Ghost
0.0,0.0,0.0,0.7704893132939097,0.0,0.0,0.0,0.637452914417904,0.0,0.0,0.0,0.0,0.0,0.0,0.0,0.0,0.0,0.0,9,Rotom-Fan,Electric/Flying
0.0,0.0,0.0,0.6815027953186716,0.0,0.0,0.0,0.0,0.0,0.0,0.0,0.7318155095191934,0.0,0.0,0.0,0.0,0.0,0.0,16,Rotom-Frost,Electric/Ice
0.0,0.0,0.0,0.7179662208054922,0.0,0.0,0.6960779451916855,0.0,0.0,0.0,0.0,0.0,0.0,0.0,0.0,0.0,0.0,0.0,9,Rotom-Heat,Electric/Fire
0.0,0.0,0.0,0.7694124598930566,0.0,0.0,0.0,0.0,0.0,0.6387522732337753,0.0,0.0,0.0,0.0,0.0,0.0,0.0,0.0,9,Rotom-Mow,Electric/Grass
0.0,0.0,0.0,0.7952962362265661,0.0,0.0,0.0,0.0,0.0,0.0,0.0,0.0,0.0,0.0,0.0,0.0,0.0,0.606220996538274,9,Rotom-Wash,Electric/Water
0.0,0.0,0.0,0.0,0.0,0.0,0.0,0.7106898958139727,0.0,0.0,0.0,0.0,0.7035054171702766,0.0,0.0,0.0,0.0,0.0,2,Rufflet,Flying/Normal
0.0,0.7009634292799244,0.0,0.0,0.0,0.0,0.0,0.0,0.7131972173334166,0.0,0.0,0.0,0.0,0.0,0.0,0.0,0.0,0.0,14,Sableye,Dark/Ghost
0.0,0.0,0.7864360606072077,0.0,0.0,0.0,0.0,0.6176716948157948,0.0,0.0,0.0,0.0,0.0,0.0,0.0,0.0,0.0,0.0,12,Salamence,Dragon/Flying
0.0,0.0,0.0,0.0,0.0,0.0,0.0,0.0,0.0,0.0,0.0,0.0,0.0,0.0,0.0,0.0,0.0,1.0,7,Samurott,Water
0.0,0.7350242455647688,0.0,0.0,0.0,0.0,0.0,0.0,0.0,0.0,0.6780408235732879,0.0,0.0,0.0,0.0,0.0,0.0,0.0,10,Sandile,Dark/Ground
0.0,0.0,0.0,0.0,0.0,0.0,0.0,0.0,0.0,0.0,1.0,0.0,0.0,0.0,0.0,0.0,0.0,0.0,0,Sandshrew,Ground
0.0,0.0,0.0,0.0,0.0,0.0,0.0,0.0,0.0,0.0,1.0,0.0,0.0,0.0,0.0,0.0,0.0,0.0,0,Sandslash,Ground
0.0,0.0,0.0,0.0,0.0,1.0,0.0,0.0,0.0,0.0,0.0,0.0,0.0,0.0,0.0,0.0,0.0,0.0,8,Sawk,Fighting
0.0,0.0,0.0,0.0,0.0,0.0,0.0,0.0,0.0,0.7118969919311259,0.0,0.0,0.7022838976364291,0.0,0.0,0.0,0.0,0.0,3,Sawsbuck,Grass/Normal
1.0,0.0,0.0,0.0,0.0,0.0,0.0,0.0,0.0,0.0,0.0,0.0,0.0,0.0,0.0,0.0,0.0,0.0,18,Scatterbug,Bug
0.0,0.0,0.0,0.0,0.0,0.0,0.0,0.0,0.0,1.0,0.0,0.0,0.0,0.0,0.0,0.0,0.0,0.0,3,Sceptile,Grass
0.6603103092110966,0.0,0.0,0.0,0.0,0.0,0.0,0.0,0.0,0.0,0.0,0.0,0.0,0.0,0.0,0.0,0.7509928731682786,0.0,15,Scizor,Bug/Steel
0.6928643074195012,0.0,0.0,0.0,0.0,0.0,0.0,0.0,0.0,0.0,0.0,0.0,0.0,0.7210679936761131,0.0,0.0,0.0,0.0,5,Scolipede,Bug/Poison
0.0,0.7030504280218595,0.0,0.0,0.0,0.711139997228591,0.0,0.0,0.0,0.0,0.0,0.0,0.0,0.0,0.0,0.0,0.0,0.0,8,Scrafty,Dark/Fighting
0.0,0.7030504280218595,0.0,0.0,0.0,0.711139997228591,0.0,0.0,0.0,0.0,0.0,0.0,0.0,0.0,0.0,0.0,0.0,0.0,8,Scraggy,Dark/Fighting
0.7397254967239467,0.0,0.0,0.0,0.0,0.0,0.0,0.6729087527269284,0.0,0.0,0.0,0.0,0.0,0.0,0.0,0.0,0.0,0.0,18,Scyther,Bug/Flying
0.0,0.0,0.0,0.0,0.0,0.0,0.0,0.0,0.0,0.0,0.0,0.0,0.0,0.0,0.0,0.0,0.0,1.0,7,Seadra,Water
0.0,0.0,0.0,0.0,0.0,0.0,0.0,0.0,0.0,0.0,0.0,0.0,0.0,0.0,0.0,0.0,0.0,1.0,7,Seaking,Water
0.0,0.0,0.0,0.0,0.0,0.0,0.0,0.0,0.0,0.0,0.0,0.8154397800897367,0.0,0.0,0.0,0.0,0.0,0.5788419171476802,16,Sealeo,Ice/Water
0.0,0.0,0.0,0.0,0.0,0.0,0.0,0.0,0.0,1.0,0.0,0.0,0.0,0.0,0.0,0.0,0.0,0.0,3,Seedot,Grass
0.0,0.0,0.0,0.0,0.0,0.0,0.0,0.0,0.0,0.0,0.0,0.0,0.0,0.0,0.0,0.0,0.0,1.0,7,Seel,Water
0.0,0.0,0.0,0.0,0.0,0.0,0.0,0.0,0.0,0.0,0.776003739018597,0.0,0.0,0.0,0.0,0.0,0.0,0.6307283068240694,0,Seismitoad,Ground/Water
0.0,0.0,0.0,0.0,0.0,0.0,0.0,0.0,0.0,0.0,0.0,0.0,1.0,0.0,0.0,0.0,0.0,0.0,13,Sentret,Normal
0.0,0.0,0.0,0.0,0.0,0.0,0.0,0.0,0.0,1.0,0.0,0.0,0.0,0.0,0.0,0.0,0.0,0.0,3,Serperior,Grass
0.0,0.0,0.0,0.0,0.0,0.0,0.0,0.0,0.0,1.0,0.0,0.0,0.0,0.0,0.0,0.0,0.0,0.0,3,Servine,Grass
0.0,0.0,0.0,0.0,0.0,0.0,0.0,0.0,0.0,0.0,0.0,0.0,0.0,1.0,0.0,0.0,0.0,0.0,17,Seviper,Poison
0.7385737084584781,0.0,0.0,0.0,0.0,0.0,0.0,0.0,0.0,0.674172735412736,0.0,0.0,0.0,0.0,0.0,0.0,0.0,0.0,18,Sewaddle,Bug/Grass
0.0,0.8000852535883521,0.0,0.0,0.0,0.0,0.0,0.0,0.0,0.0,0.0,0.0,0.0,0.0,0.0,0.0,0.0,0.5998863117211978,10,Sharpedo,Dark/Water
0.0,0.0,0.0,0.0,0.0,0.0,0.0,0.0,0.0,1.0,0.0,0.0,0.0,0.0,0.0,0.0,0.0,0.0,3,Shaymin,Grass
0.0,0.0,0.0,0.0,0.0,0.0,0.0,0.7058913256800289,0.0,0.7083201510120203,0.0,0.0,0.0,0.0,0.0,0.0,0.0,0.0,3,Shaymin-Sky,Flying/Grass
0.6603103092110966,0.0,0.0,0.0,0.0,0.0,0.0,0.0,0.7509928731682786,0.0,0.0,0.0,0.0,0.0,0.0,0.0,0.0,0.0,14,Shedinja,Bug/Ghost
0.0,0.0,1.0,0.0,0.0,0.0,0.0,0.0,0.0,0.0,0.0,0.0,0.0,0.0,0.0,0.0,0.0,0.0,12,Shelgon,Dragon
0.0,0.0,0.0,0.0,0.0,0.0,0.0,0.0,0.0,0.0,0.0,0.0,0.0,0.0,0.0,0.0,0.0,1.0,7,Shellder,Water
0.0,0.0,0.0,0.0,0.0,0.0,0.0,0.0,0.0,0.0,0.0,0.0,0.0,0.0,0.0,0.0,0.0,1.0,7,Shellos,Water
1.0,0.0,0.0,0.0,0.0,0.0,0.0,0.0,0.0,0.0,0.0,0.0,0.0,0.0,0.0,0.0,0.0,0.0,18,Shelmet,Bug
0.0,0.0,0.0,0.0,0.0,0.0,0.0,0.0,0.0,0.0,0.0,0.0,0.0,0.0,0.0,0.6820624016078831,0.7312939766693604,0.0,15,Shieldon,Rock/Steel
0.0,0.7745613438948389,0.0,0.0,0.0,0.0,0.0,0.0,0.0,0.6324987941046377,0.0,0.0,0.0,0.0,0.0,0.0,0.0,0.0,10,Shiftry,Dark/Grass
0.0,0.0,0.0,1.0,0.0,0.0,0.0,0.0,0.0,0.0,0.0,0.0,0.0,0.0,0.0,0.0,0.0,0.0,9,Shinx,Electric
0.0,0.0,0.0,0.0,0.0,0.0,0.0,0.0,0.0,1.0,0.0,0.0,0.0,0.0,0.0,0.0,0.0,0.0,3,Shroomish,Grass
0.6859578881145799,0.0,0.0,0.0,0.0,0.0,0.0,0.0,0.0,0.0,0.0,0.0,0.0,0.0,0.0,0.7276412410888937,0.0,0.0,18,Shuckle,Bug/Rock
0.0,0.0,0.0,0.0,0.0,0.0,0.0,0.0,1.0,0.0,0.0,0.0,0.0,0.0,0.0,0.0,0.0,0.0,14,Shuppet,Ghost
0.0,0.0,0.0,0.0,0.0,0.0,0.0,0.6876341374660166,0.0,0.0,0.0,0.0,0.0,0.0,0.7260573620530042,0.0,0.0,0.0,4,Sigilyph,Flying/Psychic
1.0,0.0,0.0,0.0,0.0,0.0,0.0,0.0,0.0,0.0,0.0,0.0,0.0,0.0,0.0,0.0,0.0,0.0,18,Silcoon,Bug
0.0,0.0,0.0,0.0,0.0,0.0,0.0,0.0,0.0,0.0,0.0,0.0,0.0,0.0,0.0,0.0,0.0,1.0,7,Simipour,Water
0.0,0.0,0.0,0.0,0.0,0.0,0.0,0.0,0.0,1.0,0.0,0.0,0.0,0.0,0.0,0.0,0.0,0.0,3,Simisage,Grass
0.0,0.0,0.0,0.0,0.0,0.0,1.0,0.0,0.0,0.0,0.0,0.0,0.0,0.0,0.0,0.0,0.0,0.0,6,Simisear,Fire
0.0,0.0,0.0,0.0,0.0,0.0,0.0,0.6246142356764681,0.0,0.0,0.0,0.0,0.0,0.0,0.0,0.0,0.7809334520881415,0.0,15,Skarmory,Flying/Steel
0.0,0.0,0.0,0.0,0.0,0.0,0.0,0.0,0.0,1.0,0.0,0.0,0.0,0.0,0.0,0.0,0.0,0.0,3,Skiddo,Grass
0.0,0.0,0.0,0.0,0.0,0.0,0.0,0.7058913256800289,0.0,0.7083201510120203,0.0,0.0,0.0,0.0,0.0,0.0,0.0,0.0,3,Skiploom,Flying/Grass
0.0,0.0,0.0,0.0,0.0,0.0,0.0,0.0,0.0,0.0,0.0,0.0,1.0,0.0,0.0,0.0,0.0,0.0,13,Skitty,Normal
0.6928643074195012,0.0,0.0,0.0,0.0,0.0,0.0,0.0,0.0,0.0,0.0,0.0,0.0,0.7210679936761131,0.0,0.0,0.0,0.0,5,Skorupi,Bug/Poison
0.0,0.0,0.0,0.0,0.0,0.0,0.0,0.0,0.0,0.0,0.0,0.0,0.0,0.7788367339097876,0.0,0.0,0.0,0.6272267069511108,17,Skrelp,Poison/Water
0.0,0.731902734740065,0.0,0.0,0.0,0.0,0.0,0.0,0.0,0.0,0.0,0.0,0.0,0.6814091185770952,0.0,0.0,0.0,0.0,10,Skuntank,Dark/Poison
0.0,0.0,0.0,0.0,0.0,0.0,0.0,0.0,0.0,0.0,0.0,0.0,1.0,0.0,0.0,0.0,0.0,0.0,13,Slaking,Normal
0.0,0.0,0.0,0.0,0.0,0.0,0.0,0.0,0.0,0.0,0.0,0.0,1.0,0.0,0.0,0.0,0.0,0.0,13,Slakoth,Normal
0.0,0.0,1.0,0.0,0.0,0.0,0.0,0.0,0.0,0.0,0.0,0.0,0.0,0.0,0.0,0.0,0.0,0.0,12,Sliggoo,Dragon
0.0,0.0,0.0,0.0,0.0,0.0,0.0,0.0,0.0,0.0,0.0,0.0,0.0,0.0,0.753478280950242,0.0,0.0,0.6574727980200156,4,Slowbro,Psychic/Water
0.0,0.0,0.0,0.0,0.0,0.0,0.0,0.0,0.0,0.0,0.0,0.0,0.0,0.0,0.753478280950242,0.0,0.0,0.6574727980200156,4,Slowking,Psychic/Water
0.0,0.0,0.0,0.0,0.0,0.0,0.0,0.0,0.0,0.0,0.0,0.0,0.0,0.0,0.753478280950242,0.0,0.0,0.6574727980200156,4,Slowpoke,Psychic/Water
0.0,0.0,0.0,0.0,0.0,0.0,1.0,0.0,0.0,0.0,0.0,0.0,0.0,0.0,0.0,0.0,0.0,0.0,6,Slugma,Fire
0.0,0.0,0.0,0.0,1.0,0.0,0.0,0.0,0.0,0.0,0.0,0.0,0.0,0.0,0.0,0.0,0.0,0.0,11,Slurpuff,Fairy
0.0,0.0,0.0,0.0,0.0,0.0,0.0,0.0,0.0,0.0,0.0,0.0,1.0,0.0,0.0,0.0,0.0,0.0,13,Smeargle,Normal
0.0,0.0,0.0,0.0,0.0,0.0,0.0,0.0,0.0,0.0,0.0,0.7757317370275092,0.0,0.0,0.6310628115871536,0.0,0.0,0.0,16,Smoochum,Ice/Psychic
0.0,0.6875080073385785,0.0,0.0,0.0,0.0,0.0,0.0,0.0,0.0,0.0,0.7261767965484279,0.0,0.0,0.0,0.0,0.0,0.0,16,Sneasel,Dark/Ice
0.0,0.0,0.0,0.0,0.0,0.0,0.0,0.0,0.0,1.0,0.0,0.0,0.0,0.0,0.0,0.0,0.0,0.0,3,Snivy,Grass
0.0,0.0,0.0,0.0,0.0,0.0,0.0,0.0,0.0,0.0,0.0,0.0,1.0,0.0,0.0,0.0,0.0,0.0,13,Snorlax,Normal
0.0,0.0,0.0,0.0,0.0,0.0,0.0,0.0,0.0,0.0,0.0,1.0,0.0,0.0,0.0,0.0,0.0,0.0,16,Snorunt,Ice
0.0,0.0,0.0,0.0,0.0,0.0,0.0,0.0,0.0,0.6116352940915506,0.0,0.7911398530105423,0.0,0.0,0.0,0.0,0.0,0.0,16,Snover,Grass/Ice
0.0,0.0,0.0,0.0,1.0,0.0,0.0,0.0,0.0,0.0,0.0,0.0,0.0,0.0,0.0,0.0,0.0,0.0,11,Snubbull,Fairy
0.0,0.0,0.0,0.0,0.0,0.0,0.0,0.0,0.0,0.0,0.0,0.0,0.0,0.0,1.0,0.0,0.0,0.0,4,Solosis,Psychic
0.0,0.0,0.0,0.0,0.0,0.0,0.0,0.0,0.0,0.0,0.0,0.0,0.0,0.0,0.6712062948215519,0.7412706049695507,0.0,0.0,1,Solrock,Psychic/Rock
0.0,0.0,0.0,0.0,0.0,0.0,0.0,0.7106898958139727,0.0,0.0,0.0,0.0,0.7035054171702766,0.0,0.0,0.0,0.0,0.0,2,Spearow,Flying/Normal
1.0,0.0,0.0,0.0,0.0,0.0,0.0,0.0,0.0,0.0,0.0,0.0,0.0,0.0,0.0,0.0,0.0,0.0,18,Spewpa,Bug
0.0,0.0,0.0,0.0,0.0,0.0,0.0,0.0,0.0,0.0,0.0,0.8154397800897367,0.0,0.0,0.0,0.0,0.0,0.5788419171476802,16,Spheal,Ice/Water
0.6928643074195012,0.0,0.0,0.0,0.0,0.0,0.0,0.0,0.0,0.0,0.0,0.0,0.0,0.7210679936761131,0.0,0.0,0.0,0.0,5,Spinarak,Bug/Poison
0.0,0.0,0.0,0.0,0.0,0.0,0.0,0.0,0.0,0.0,0.0,0.0,1.0,0.0,0.0,0.0,0.0,0.0,13,Spinda,Normal
0.0,0.7009634292799244,0.0,0.0,0.0,0.0,0.0,0.0,0.7131972173334166,0.0,0.0,0.0,0.0,0.0,0.0,0.0,0.0,0.0,14,Spiritomb,Dark/Ghost
0.0,0.0,0.0,0.0,0.0,0.0,0.0,0.0,0.0,0.0,0.0,0.0,0.0,0.0,1.0,0.0,0.0,0.0,4,Spoink,Psychic
0.0,0.0,0.0,0.0,1.0,0.0,0.0,0.0,0.0,0.0,0.0,0.0,0.0,0.0,0.0,0.0,0.0,0.0,11,Spritzee,Fairy
0.0,0.0,0.0,0.0,0.0,0.0,0.0,0.0,0.0,0.0,0.0,0.0,0.0,0.0,0.0,0.0,0.0,1.0,7,Squirtle,Water
0.0,0.0,0.0,0.0,0.0,0.0,0.0,0.0,0.0,0.0,0.0,0.0,1.0,0.0,0.0,0.0,0.0,0.0,13,Stantler,Normal
0.0,0.0,0.0,0.0,0.0,0.0,0.0,0.7106898958139727,0.0,0.0,0.0,0.0,0.7035054171702766,0.0,0.0,0.0,0.0,0.0,2,Staraptor,Flying/Normal
0.0,0.0,0.0,0.0,0.0,0.0,0.0,0.7106898958139727,0.0,0.0,0.0,0.0,0.7035054171702766,0.0,0.0,0.0,0.0,0.0,2,Staravia,Flying/Normal
0.0,0.0,0.0,0.0,0.0,0.0,0.0,0.7106898958139727,0.0,0.0,0.0,0.0,0.7035054171702766,0.0,0.0,0.0,0.0,0.0,2,Starly,Flying/Normal
0.0,0.0,0.0,0.0,0.0,0.0,0.0,0.0,0.0,0.0,0.0,0.0,0.0,0.0,0.753478280950242,0.0,0.0,0.6574727980200156,4,Starmie,Psychic/Water
0.0,0.0,0.0,0.0,0.0,0.0,0.0,0.0,0.0,0.0,0.0,0.0,0.0,0.0,0.0,0.0,0.0,1.0,7,Staryu,Water
0.0,0.0,0.0,0.0,0.0,0.0,0.0,0.0,0.0,0.0,0.671682312375767,0.0,0.0,0.0,0.0,0.0,0.7408393019012575,0.0,15,Steelix,Ground/Steel
0.0,0.0,0.0,0.0,0.0,0.0,0.0,0.0,0.0,0.0,0.671682312375767,0.0,0.0,0.0,0.0,0.0,0.7408393019012575,0.0,15,Steelix-Mega,Ground/Steel
0.0,0.0,0.0,0.0,0.0,0.0,0.0,0.0,0.0,0.0,0.0,0.0,1.0,0.0,0.0,0.0,0.0,0.0,13,Stoutland,Normal
0.0,0.0,0.0,0.7294175472780149,0.0,0.0,0.0,0.0,0.0,0.0,0.6840687404953723,0.0,0.0,0.0,0.0,0.0,0.0,0.0,9,Stunfisk,Electric/Ground
0.0,0.731902734740065,0.0,0.0,0.0,0.0,0.0,0.0,0.0,0.0,0.0,0.0,0.0,0.6814091185770952,0.0,0.0,0.0,0.0,10,Stunky,Dark/Poison
0.0,0.0,0.0,0.0,0.0,0.0,0.0,0.0,0.0,0.0,0.0,0.0,0.0,0.0,0.0,1.0,0.0,0.0,1,Sudowoodo,Rock
0.0,0.0,0.0,0.0,0.0,0.0,0.0,0.0,0.0,0.0,0.0,0.0,0.0,0.0,0.0,0.0,0.0,1.0,7,Suicune,Water
0.0,0.0,0.0,0.0,0.0,0.0,0.0,0.0,0.0,1.0,0.0,0.0,0.0,0.0,0.0,0.0,0.0,0.0,3,Sunflora,Grass
0.0,0.0,0.0,0.0,0.0,0.0,0.0,0.0,0.0,1.0,0.0,0.0,0.0,0.0,0.0,0.0,0.0,0.0,3,Sunkern,Grass
0.7664140582650301,0.0,0.0,0.0,0.0,0.0,0.0,0.0,0.0,0.0,0.0,0.0,0.0,0.0,0.0,0.0,0.0,0.6423468621342577,18,Surskit,Bug/Water
0.0,0.0,0.0,0.0,0.0,0.0,0.0,0.7106898958139727,0.0,0.0,0.0,0.0,0.7035054171702766,0.0,0.0,0.0,0.0,0.0,2,Swablu,Flying/Normal
0.7385737084584781,0.0,0.0,0.0,0.0,0.0,0.0,0.0,0.0,0.674172735412736,0.0,0.0,0.0,0.0,0.0,0.0,0.0,0.0,18,Swadloon,Bug/Grass
0.0,0.0,0.0,0.0,0.0,0.0,0.0,0.0,0.0,0.0,0.0,0.0,0.0,1.0,0.0,0.0,0.0,0.0,17,Swalot,Poison
0.0,0.0,0.0,0.0,0.0,0.0,0.0,0.0,0.0,0.0,0.776003739018597,0.0,0.0,0.0,0.0,0.0,0.0,0.6307283068240694,0,Swampert,Ground/Water
0.0,0.0,0.0,0.0,0.0,0.0,0.0,0.735439292556123,0.0,0.0,0.0,0.0,0.0,0.0,0.0,0.0,0.0,0.6775906190057159,7,Swanna,Flying/Water
0.0,0.0,0.0,0.0,0.0,0.0,0.0,0.7106898958139727,0.0,0.0,0.0,0.0,0.7035054171702766,0.0,0.0,0.0,0.0,0.0,2,Swellow,Flying/Normal
0.0,0.0,0.0,0.0,0.0,0.0,0.0,0.0,0.0,0.0,0.6578015223528555,0.753191315131996,0.0,0.0,0.0,0.0,0.0,0.0,16,Swinub,Ground/Ice
0.0,0.0,0.0,0.0,1.0,0.0,0.0,0.0,0.0,0.0,0.0,0.0,0.0,0.0,0.0,0.0,0.0,0.0,11,Swirlix,Fairy
0.0,0.0,0.0,0.0,0.0,0.0,0.0,0.6876341374660166,0.0,0.0,0.0,0.0,0.0,0.0,0.7260573620530042,0.0,0.0,0.0,4,Swoobat,Flying/Psychic
0.0,0.0,0.0,0.0,1.0,0.0,0.0,0.0,0.0,0.0,0.0,0.0,0.0,0.0,0.0,0.0,0.0,0.0,11,Sylveon,Fairy
0.0,0.0,0.0,0.0,0.0,0.0,0.0,0.7106898958139727,0.0,0.0,0.0,0.0,0.7035054171702766,0.0,0.0,0.0,0.0,0.0,2,Taillow,Flying/Normal
0.0,0.0,0.0,0.0,0.0,0.0,0.7606800626743974,0.6491269846876456,0.0,0.0,0.0,0.0,0.0,0.0,0.0,0.0,0.0,0.0,6,Talonflame,Fire/Flying
0.0,0.0,0.0,0.0,0.0,0.0,0.0,0.0,0.0,1.0,0.0,0.0,0.0,0.0,0.0,0.0,0.0,0.0,3,Tangela,Grass
0.0,0.0,0.0,0.0,0.0,0.0,0.0,0.0,0.0,1.0,0.0,0.0,0.0,0.0,0.0,0.0,0.0,0.0,3,Tangrowth,Grass
0.0,0.0,0.0,0.0,0.0,0.0,0.0,0.0,0.0,0.0,0.0,0.0,1.0,0.0,0.0,0.0,0.0,0.0,13,Tauros,Normal
0.0,0.0,0.0,0.0,0.0,0.0,0.0,0.0,0.0,0.0,0.0,0.0,1.0,0.0,0.0,0.0,0.0,0.0,13,Teddiursa,Normal
0.0,0.0,0.0,0.0,0.0,0.0,0.0,0.0,0.0,0.0,0.0,0.0,0.0,0.7788367339097876,0.0,0.0,0.0,0.6272267069511108,17,Tentacool,Poison/Water
0.0,0.0,0.0,0.0,0.0,0.0,0.0,0.0,0.0,0.0,0.0,0.0,0.0,0.7788367339097876,0.0,0.0,0.0,0.6272267069511108,17,Tentacruel,Poison/Water
0.0,0.0,0.0,0.0,0.0,0.0,1.0,0.0,0.0,0.0,0.0,0.0,0.0,0.0,0.0,0.0,0.0,0.0,6,Tepig,Fire
0.0,0.0,0.0,0.0,0.0,0.7292963215921325,0.0,0.0,0.0,0.0,0.0,0.0,0.0,0.0,0.0,0.6841979796171461,0.0,0.0,8,Terrakion,Fighting/Rock
0.0,0.0,0.0,0.0,0.0,1.0,0.0,0.0,0.0,0.0,0.0,0.0,0.0,0.0,0.0,0.0,0.0,0.0,8,Throh,Fighting
0.0,0.0,0.0,0.7704893132939097,0.0,0.0,0.0,0.637452914417904,0.0,0.0,0.0,0.0,0.0,0.0,0.0,0.0,0.0,0.0,9,Thundurus,Electric/Flying
0.0,0.0,0.0,0.7704893132939097,0.0,0.0,0.0,0.637452914417904,0.0,0.0,0.0,0.0,0.0,0.0,0.0,0.0,0.0,0.0,9,Thundurus-Therian,Electric/Flying
0.0,0.0,0.0,0.0,0.0,1.0,0.0,0.0,0.0,0.0,0.0,0.0,0.0,0.0,0.0,0.0,0.0,0.0,8,Timburr,Fighting
0.0,0.0,0.0,0.0,0.0,0.0,0.0,0.0,0.0,0.0,0.0,0.0,0.0,0.0,0.0,0.7846407605505287,0.0,0.6199507052037991,1,Tirtouga,Rock/Water
0.0,0.0,0.0,0.0,0.7961010787532544,0.0,0.0,0.6051636740650455,0.0,0.0,0.0,0.0,0.0,0.0,0.0,0.0,0.0,0.0,11,Togekiss,Fairy/Flying
0.0,0.0,0.0,0.0,1.0,0.0,0.0,0.0,0.0,0.0,0.0,0.0,0.0,0.0,0.0,0.0,0.0,0.0,11,Togepi,Fairy
0.0,0.0,0.0,0.0,0.7961010787532544,0.0,0.0,0.6051636740650455,0.0,0.0,0.0,0.0,0.0,0.0,0.0,0.0,0.0,0.0,11,Togetic,Fairy/Flying
0.0,0.0,0.0,0.0,0.0,0.0,1.0,0.0,0.0,0.0,0.0,0.0,0.0,0.0,0.0,0.0,0.0,0.0,6,Torchic,Fire
0.0,0.0,0.0,0.0,0.0,0.0,1.0,0.0,0.0,0.0,0.0,0.0,0.0,0.0,0.0,0.0,0.0,0.0,6,Torkoal,Fire
0.0,0.0,0.0,0.0,0.0,0.0,0.0,1.0,0.0,0.0,0.0,0.0,0.0,0.0,0.0,0.0,0.0,0.0,2,Tornadus,Flying
0.0,0.0,0.0,0.0,0.0,0.0,0.0,1.0,0.0,0.0,0.0,0.0,0.0,0.0,0.0,0.0,0.0,0.0,2,Tornadus-Therian,Flying
0.0,0.0,0.0,0.0,0.0,0.0,0.0,0.0,0.0,0.6628265236179648,0.7487729960331928,0.0,0.0,0.0,0.0,0.0,0.0,0.0,0,Torterra,Grass/Ground
0.0,0.0,0.0,0.0,0.0,0.0,0.0,0.0,0.0,0.0,0.0,0.0,0.0,0.0,0.0,0.0,0.0,1.0,7,Totodile,Water
0.0,0.0,0.0,0.0,0.0,0.7357770964258931,0.0,0.0,0.0,0.0,0.0,0.0,0.0,0.6772237919440531,0.0,0.0,0.0,0.0,8,Toxicroak,Fighting/Poison
0.0,0.0,0.0,0.0,0.0,0.0,0.0,0.7106898958139727,0.0,0.0,0.0,0.0,0.7035054171702766,0.0,0.0,0.0,0.0,0.0,2,Tranquill,Flying/Normal
0.0,0.0,0.0,0.0,0.0,0.0,0.0,0.0,0.0,0.0,1.0,0.0,0.0,0.0,0.0,0.0,0.0,0.0,0,Trapinch,Ground
0.0,0.0,0.0,0.0,0.0,0.0,0.0,0.0,0.0,1.0,0.0,0.0,0.0,0.0,0.0,0.0,0.0,0.0,3,Treecko,Grass
0.0,0.0,0.0,0.0,0.0,0.0,0.0,0.0,0.7798854363230835,0.6259222844819904,0.0,0.0,0.0,0.0,0.0,0.0,0.0,0.0,14,Trevenant,Ghost/Grass
0.0,0.0,0.0,0.0,0.0,0.0,0.0,0.7058913256800289,0.0,0.7083201510120203,0.0,0.0,0.0,0.0,0.0,0.0,0.0,0.0,3,Tropius,Flying/Grass
0.0,0.0,0.0,0.0,0.0,0.0,0.0,0.0,0.0,0.0,0.0,0.0,0.0,1.0,0.0,0.0,0.0,0.0,17,Trubbish,Poison
0.0,0.0,0.0,0.0,0.0,0.0,0.0,0.0,0.0,1.0,0.0,0.0,0.0,0.0,0.0,0.0,0.0,0.0,3,Turtwig,Grass
0.0,0.0,0.0,0.0,0.0,0.0,0.0,0.0,0.0,0.0,0.0,0.0,0.0,0.0,0.0,0.0,0.0,1.0,7,Tympole,Water
0.0,0.0,0.0,1.0,0.0,0.0,0.0,0.0,0.0,0.0,0.0,0.0,0.0,0.0,0.0,0.0,0.0,0.0,9,Tynamo,Electric
0.0,0.0,0.0,0.0,0.0,0.0,1.0,0.0,0.0,0.0,0.0,0.0,0.0,0.0,0.0,0.0,0.0,0.0,6,Typhlosion,Fire
0.0,0.7253772229327456,0.0,0.0,0.0,0.0,0.0,0.0,0.0,0.0,0.0,0.0,0.0,0.0,0.0,0.688351570384188,0.0,0.0,10,Tyranitar,Dark/Rock
0.0,0.0,0.7374508102208746,0.0,0.0,0.0,0.0,0.0,0.0,0.0,0.0,0.0,0.0,0.0,0.0,0.6754008457979421,0.0,0.0,12,Tyrantrum,Dragon/Rock
0.0,0.0,0.0,0.0,0.0,1.0,0.0,0.0,0.0,0.0,0.0,0.0,0.0,0.0,0.0,0.0,0.0,0.0,8,Tyrogue,Fighting
0.0,0.0,0.7374508102208746,0.0,0.0,0.0,0.0,0.0,0.0,0.0,0.0,0.0,0.0,0.0,0.0,0.6754008457979421,0.0,0.0,12,Tyrunt,Dragon/Rock
0.0,1.0,0.0,0.0,0.0,0.0,0.0,0.0,0.0,0.0,0.0,0.0,0.0,0.0,0.0,0.0,0.0,0.0,10,Umbreon,Dark
0.0,0.0,0.0,0.0,0.0,0.0,0.0,0.7106898958139727,0.0,0.0,0.0,0.0,0.7035054171702766,0.0,0.0,0.0,0.0,0.0,2,Unfezant,Flying/Normal
0.0,0.0,0.0,0.0,0.0,0.0,0.0,0.0,0.0,0.0,0.0,0.0,0.0,0.0,1.0,0.0,0.0,0.0,4,Unown,Psychic
0.0,0.0,0.0,0.0,0.0,0.0,0.0,0.0,0.0,0.0,0.0,0.0,1.0,0.0,0.0,0.0,0.0,0.0,13,Ursaring,Normal
0.0,0.0,0.0,0.0,0.0,0.0,0.0,0.0,0.0,0.0,0.0,0.0,0.0,0.0,1.0,0.0,0.0,0.0,4,Uxie,Psychic
0.0,0.0,0.0,0.0,0.0,0.0,0.0,0.0,0.0,0.0,0.0,1.0,0.0,0.0,0.0,0.0,0.0,0.0,16,Vanillish,Ice
0.0,0.0,0.0,0.0,0.0,0.0,0.0,0.0,0.0,0.0,0.0,1.0,0.0,0.0,0.0,0.0,0.0,0.0,16,Vanillite,Ice
0.0,0.0,0.0,0.0,0.0,0.0,0.0,0.0,0.0,0.0,0.0,1.0,0.0,0.0,0.0,0.0,0.0,0.0,16,Vanilluxe,Ice
0.0,0.0,0.0,0.0,0.0,0.0,0.0,0.0,0.0,0.0,0.0,0.0,0.0,0.0,0.0,0.0,0.0,1.0,7,Vaporeon,Water
0.6928643074195012,0.0,0.0,0.0,0.0,0.0,0.0,0.0,0.0,0.0,0.0,0.0,0.0,0.7210679936761131,0.0,0.0,0.0,0.0,5,Venipede,Bug/Poison
0.6928643074195012,0.0,0.0,0.0,0.0,0.0,0.0,0.0,0.0,0.0,0.0,0.0,0.0,0.7210679936761131,0.0,0.0,0.0,0.0,5,Venomoth,Bug/Poison
0.6928643074195012,0.0,0.0,0.0,0.0,0.0,0.0,0.0,0.0,0.0,0.0,0.0,0.0,0.7210679936761131,0.0,0.0,0.0,0.0,5,Venonat,Bug/Poison
0.0,0.0,0.0,0.0,0.0,0.0,0.0,0.0,0.0,0.6593984843694064,0.0,0.0,0.0,0.7517936145055567,0.0,0.0,0.0,0.0,17,Venusaur,Grass/Poison
0.7397254967239467,0.0,0.0,0.0,0.0,0.0,0.0,0.6729087527269284,0.0,0.0,0.0,0.0,0.0,0.0,0.0,0.0,0.0,0.0,18,Vespiquen,Bug/Flying
0.0,0.0,0.746885786395021,0.0,0.0,0.0,0.0,0.0,0.0,0.0,0.6649523457219255,0.0,0.0,0.0,0.0,0.0,0.0,0.0,12,Vibrava,Dragon/Ground
0.0,0.0,0.0,0.0,0.0,0.0,0.7429120959733433,0.0,0.0,0.0,0.0,0.0,0.0,0.0,0.6693889882993997,0.0,0.0,0.0,6,Victini,Fire/Psychic
0.0,0.0,0.0,0.0,0.0,0.0,0.0,0.0,0.0,0.6593984843694064,0.0,0.0,0.0,0.7517936145055567,0.0,0.0,0.0,0.0,17,Victreebel,Grass/Poison
0.0,0.0,0.0,0.0,0.0,0.0,0.0,0.0,0.0,0.0,0.0,0.0,1.0,0.0,0.0,0.0,0.0,0.0,13,Vigoroth,Normal
0.0,0.0,0.0,0.0,0.0,0.0,0.0,0.0,0.0,0.6593984843694064,0.0,0.0,0.0,0.7517936145055567,0.0,0.0,0.0,0.0,17,Vileplume,Grass/Poison
0.0,0.0,0.0,0.0,0.0,0.7780901543604184,0.0,0.0,0.0,0.62815261814895,0.0,0.0,0.0,0.0,0.0,0.0,0.0,0.0,8,Virizion,Fighting/Grass
0.7397254967239467,0.0,0.0,0.0,0.0,0.0,0.0,0.6729087527269284,0.0,0.0,0.0,0.0,0.0,0.0,0.0,0.0,0.0,0.0,18,Vivillon,Bug/Flying
1.0,0.0,0.0,0.0,0.0,0.0,0.0,0.0,0.0,0.0,0.0,0.0,0.0,0.0,0.0,0.0,0.0,0.0,18,Volbeat,Bug
0.0,0.0,0.0,0.0,0.0,0.0,0.7861223329140673,0.0,0.0,0.0,0.0,0.0,0.0,0.0,0.0,0.0,0.0,0.6180709325746878,6,Volcanion,Fire/Water
0.6841680453301205,0.0,0.0,0.0,0.0,0.0,0.729324403642962,0.0,0.0,0.0,0.0,0.0,0.0,0.0,0.0,0.0,0.0,0.0,6,Volcarona,Bug/Fire
0.0,0.0,0.0,1.0,0.0,0.0,0.0,0.0,0.0,0.0,0.0,0.0,0.0,0.0,0.0,0.0,0.0,0.0,9,Voltorb,Electric
0.0,0.7756242377622017,0.0,0.0,0.0,0.0,0.0,0.6311949316936912,0.0,0.0,0.0,0.0,0.0,0.0,0.0,0.0,0.0,0.0,10,Vullaby,Dark/Flying
0.0,0.0,0.0,0.0,0.0,0.0,1.0,0.0,0.0,0.0,0.0,0.0,0.0,0.0,0.0,0.0,0.0,0.0,6,Vulpix,Fire
0.0,0.0,0.0,0.0,0.0,0.0,0.0,0.0,0.0,0.0,0.0,0.0,0.0,0.0,0.0,0.0,0.0,1.0,7,Wailmer,Water
0.0,0.0,0.0,0.0,0.0,0.0,0.0,0.0,0.0,0.0,0.0,0.0,0.0,0.0,0.0,0.0,0.0,1.0,7,Wailord,Water
0.0,0.0,0.0,0.0,0.0,0.0,0.0,0.0,0.0,0.0,0.0,0.8154397800897367,0.0,0.0,0.0,0.0,0.0,0.5788419171476802,16,Walrein,Ice/Water
0.0,0.0,0.0,0.0,0.0,0.0,0.0,0.0,0.0,0.0,0.0,0.0,0.0,0.0,0.0,0.0,0.0,1.0,7,Wartortle,Water
0.0,0.0,0.0,0.0,0.0,0.0,0.0,0.0,0.0,0.0,0.0,0.0,1.0,0.0,0.0,0.0,0.0,0.0,13,Watchog,Normal
0.0,0.6875080073385785,0.0,0.0,0.0,0.0,0.0,0.0,0.0,0.0,0.0,0.7261767965484279,0.0,0.0,0.0,0.0,0.0,0.0,16,Weavile,Dark/Ice
0.6928643074195012,0.0,0.0,0.0,0.0,0.0,0.0,0.0,0.0,0.0,0.0,0.0,0.0,0.7210679936761131,0.0,0.0,0.0,0.0,5,Weedle,Bug/Poison
0.0,0.0,0.0,0.0,0.0,0.0,0.0,0.0,0.0,0.6593984843694064,0.0,0.0,0.0,0.7517936145055567,0.0,0.0,0.0,0.0,17,Weepinbell,Grass/Poison
0.0,0.0,0.0,0.0,0.0,0.0,0.0,0.0,0.0,0.0,0.0,0.0,0.0,1.0,0.0,0.0,0.0,0.0,17,Weezing,Poison
0.0,0.0,0.0,0.0,0.7950980866192163,0.0,0.0,0.0,0.0,0.6064808592647101,0.0,0.0,0.0,0.0,0.0,0.0,0.0,0.0,11,Whimsicott,Fairy/Grass
0.6928643074195012,0.0,0.0,0.0,0.0,0.0,0.0,0.0,0.0,0.0,0.0,0.0,0.0,0.7210679936761131,0.0,0.0,0.0,0.0,5,Whirlipede,Bug/Poison
0.0,0.0,0.0,0.0,0.0,0.0,0.0,0.0,0.0,0.0,0.776003739018597,0.0,0.0,0.0,0.0,0.0,0.0,0.6307283068240694,0,Whiscash,Ground/Water
0.0,0.0,0.0,0.0,0.0,0.0,0.0,0.0,0.0,0.0,0.0,0.0,1.0,0.0,0.0,0.0,0.0,0.0,13,Whismur,Normal
0.0,0.0,0.0,0.0,0.7990498155623471,0.0,0.0,0.0,0.0,0.0,0.0,0.0,0.6012648270519232,0.0,0.0,0.0,0.0,0.0,11,Wigglytuff,Fairy/Normal
0.0,0.0,0.0,0.0,0.0,0.0,0.0,0.735439292556123,0.0,0.0,0.0,0.0,0.0,0.0,0.0,0.0,0.0,0.6775906190057159,7,Wingull,Flying/Water
0.0,0.0,0.0,0.0,0.0,0.0,0.0,0.0,0.0,0.0,0.0,0.0,0.0,0.0,1.0,0.0,0.0,0.0,4,Wobbuffet,Psychic
0.0,0.0,0.0,0.0,0.0,0.0,0.0,0.6876341374660166,0.0,0.0,0.0,0.0,0.0,0.0,0.7260573620530042,0.0,0.0,0.0,4,Woobat,Flying/Psychic
0.0,0.0,0.0,0.0,0.0,0.0,0.0,0.0,0.0,0.0,0.776003739018597,0.0,0.0,0.0,0.0,0.0,0.0,0.6307283068240694,0,Wooper,Ground/Water
0.7385737084584781,0.0,0.0,0.0,0.0,0.0,0.0,0.0,0.0,0.674172735412736,0.0,0.0,0.0,0.0,0.0,0.0,0.0,0.0,18,Wormadam,Bug/Grass
0.6961758448521477,0.0,0.0,0.0,0.0,0.0,0.0,0.0,0.0,0.0,0.7178712928125753,0.0,0.0,0.0,0.0,0.0,0.0,0.0,0,Wormadam-Sandy,Bug/Ground
0.6603103092110966,0.0,0.0,0.0,0.0,0.0,0.0,0.0,0.0,0.0,0.0,0.0,0.0,0.0,0.0,0.0,0.7509928731682786,0.0,15,Wormadam-Trash,Bug/Steel
1.0,0.0,0.0,0.0,0.0,0.0,0.0,0.0,0.0,0.0,0.0,0.0,0.0,0.0,0.0,0.0,0.0,0.0,18,Wurmple,Bug
0.0,0.0,0.0,0.0,0.0,0.0,0.0,0.0,0.0,0.0,0.0,0.0,0.0,0.0,1.0,0.0,0.0,0.0,4,Wynaut,Psychic
0.0,0.0,0.0,0.0,0.0,0.0,0.0,0.6876341374660166,0.0,0.0,0.0,0.0,0.0,0.0,0.7260573620530042,0.0,0.0,0.0,4,Xatu,Flying/Psychic
0.0,0.0,0.0,0.0,0.0,0.0,0.0,0.0,1.0,0.0,0.0,0.0,0.0,0.0,0.0,0.0,0.0,0.0,14,Yamask,Ghost
0.7397254967239467,0.0,0.0,0.0,0.0,0.0,0.0,0.6729087527269284,0.0,0.0,0.0,0.0,0.0,0.0,0.0,0.0,0.0,0.0,18,Yanma,Bug/Flying
0.7397254967239467,0.0,0.0,0.0,0.0,0.0,0.0,0.6729087527269284,0.0,0.0,0.0,0.0,0.0,0.0,0.0,0.0,0.0,0.0,18,Yanmega,Bug/Flying
0.0,0.7756242377622017,0.0,0.0,0.0,0.0,0.0,0.6311949316936912,0.0,0.0,0.0,0.0,0.0,0.0,0.0,0.0,0.0,0.0,10,Yveltal,Dark/Flying
0.0,0.0,0.0,0.0,0.0,0.0,0.0,0.0,0.0,0.0,0.0,0.0,1.0,0.0,0.0,0.0,0.0,0.0,13,Zangoose,Normal
0.0,0.0,0.0,0.7704893132939097,0.0,0.0,0.0,0.637452914417904,0.0,0.0,0.0,0.0,0.0,0.0,0.0,0.0,0.0,0.0,9,Zapdos,Electric/Flying
0.0,0.0,0.0,1.0,0.0,0.0,0.0,0.0,0.0,0.0,0.0,0.0,0.0,0.0,0.0,0.0,0.0,0.0,9,Zebstrika,Electric
0.0,0.0,0.7252455211017036,0.6884903297228787,0.0,0.0,0.0,0.0,0.0,0.0,0.0,0.0,0.0,0.0,0.0,0.0,0.0,0.0,12,Zekrom,Dragon/Electric
0.0,0.0,0.0,0.0,0.0,0.0,0.0,0.0,0.0,0.0,0.0,0.0,1.0,0.0,0.0,0.0,0.0,0.0,13,Zigzagoon,Normal
0.0,1.0,0.0,0.0,0.0,0.0,0.0,0.0,0.0,0.0,0.0,0.0,0.0,0.0,0.0,0.0,0.0,0.0,10,Zoroark,Dark
0.0,1.0,0.0,0.0,0.0,0.0,0.0,0.0,0.0,0.0,0.0,0.0,0.0,0.0,0.0,0.0,0.0,0.0,10,Zorua,Dark
0.0,0.0,0.0,0.0,0.0,0.0,0.0,0.6581176782955985,0.0,0.0,0.0,0.0,0.0,0.7529150825390676,0.0,0.0,0.0,0.0,17,Zubat,Flying/Poison
0.0,0.694447260418393,0.7195436070853446,0.0,0.0,0.0,0.0,0.0,0.0,0.0,0.0,0.0,0.0,0.0,0.0,0.0,0.0,0.0,10,Zweilous,Dark/Dragon
0.0,0.0,0.746885786395021,0.0,0.0,0.0,0.0,0.0,0.0,0.0,0.6649523457219255,0.0,0.0,0.0,0.0,0.0,0.0,0.0,12,Zygarde,Dragon/Ground
